Date,Price
2025-03-27,"1,007.00"
2025-03-25,"1,015.00"
2025-03-24,"1,013.00"
2025-03-21,"1,012.00"
2025-03-20,"1,010.00"
2025-03-06,864.00
2025-03-05,868.00
2025-03-04,876.00
2025-03-03,887.00
2025-02-28,895.00
2025-02-27,903.00
2025-02-26,907.00
2025-02-25,904.00
2025-02-24,895.00
2025-02-21,886.00
2025-02-20,866.00
2025-02-19,839.00
2025-02-18,813.00
2025-02-17,781.00
2025-02-14,765.00
2025-02-13,741.00
2025-02-12,724.00
2025-02-11,710.00
2025-02-10,694.00
2025-02-07,677.00
2025-02-06,649.00
2025-02-05,619.00
2025-02-04,605.00
2025-02-03,602.00
2025-01-31,603.00
2025-01-30,605.00
2025-01-29,612.00
2025-01-28,619.00
2025-01-27,629.00
2025-01-24,639.00
2025-01-23,654.00
2025-01-22,674.00
2025-01-21,703.00
2025-01-20,727.00
2025-01-17,747.00
2025-01-16,765.00
2025-01-15,783.00
2025-01-14,798.00
2025-01-13,809.00
2025-01-10,819.00
2025-01-09,830.00
2025-01-08,846.00
2025-01-07,856.00
2025-01-06,867.00
2025-01-03,884.00
2025-01-02,899.00
2024-12-24,923.00
2024-12-23,932.00
2024-12-20,940.00
2024-12-19,944.00
2024-12-18,947.00
2024-12-17,949.00
2024-12-16,955.00
2024-12-13,959.00
2024-12-12,961.00
2024-12-11,962.00
2024-12-10,967.00
2024-12-09,971.00
2024-12-06,974.00
2024-12-05,979.00
2024-12-04,982.00
2024-12-03,979.00
2024-12-02,979.00
2024-11-29,980.00
2024-11-28,989.00
2024-11-27,988.00
2024-11-26,985.00
2024-11-25,984.00
2024-11-22,984.00
2024-11-21,987.00
2024-11-20,992.00
2024-11-19,999.00
2024-11-18,"1,009.00"
2024-11-15,"1,019.00"
2024-11-14,"1,029.00"
2024-11-13,"1,036.00"
2024-11-12,"1,051.00"
2024-11-11,"1,064.00"
2024-11-08,"1,079.00"
2024-11-07,"1,098.00"
2024-11-06,"1,118.00"
2024-11-05,"1,136.00"
2024-11-04,"1,154.00"
2024-11-01,"1,163.00"
2024-10-31,"1,182.00"
2024-10-30,"1,207.00"
2024-10-29,"1,221.00"
2024-10-28,"1,234.00"
2024-10-25,"1,240.00"
2024-10-24,"1,245.00"
2024-10-23,"1,249.00"
2024-10-22,"1,249.00"
2024-10-21,"1,250.00"
2024-10-18,"1,250.00"
2024-10-17,"1,254.00"
2024-10-16,"1,257.00"
2024-10-15,"1,260.00"
2024-10-14,"1,262.00"
2024-10-11,"1,269.00"
2024-10-10,"1,274.00"
2024-10-09,"1,270.00"
2024-10-08,"1,264.00"
2024-10-07,"1,257.00"
2024-10-04,"1,258.00"
2024-10-03,"1,260.00"
2024-10-02,"1,272.00"
2024-10-01,"1,283.00"
2024-09-30,"1,296.00"
2024-09-27,"1,306.00"
2024-09-26,"1,314.00"
2024-09-25,"1,317.00"
2024-09-24,"1,312.00"
2024-09-23,"1,301.00"
2024-09-20,"1,289.00"
2024-09-19,"1,276.00"
2024-09-18,"1,270.00"
2024-09-17,"1,266.00"
2024-09-16,"1,265.00"
2024-09-13,"1,264.00"
2024-09-12,"1,263.00"
2024-09-11,"1,259.00"
2024-09-10,"1,258.00"
2024-09-09,"1,259.00"
2024-09-06,"1,260.00"
2024-09-05,"1,266.00"
2024-09-04,"1,271.00"
2024-09-03,"1,280.00"
2024-09-02,"1,280.00"
2024-08-30,"1,306.00"
2024-08-29,"1,312.00"
2024-08-28,"1,316.00"
2024-08-27,"1,317.00"
2024-08-23,"1,318.00"
2024-08-22,"1,313.00"
2024-08-21,"1,310.00"
2024-08-20,"1,309.00"
2024-08-19,"1,305.00"
2024-08-16,"1,304.00"
2024-08-15,"1,300.00"
2024-08-14,"1,297.00"
2024-08-13,"1,292.00"
2024-08-12,"1,294.00"
2024-08-09,"1,301.00"
2024-08-08,"1,302.00"
2024-08-07,"1,309.00"
2024-08-06,"1,320.00"
2024-08-05,"1,330.00"
2024-08-02,"1,342.00"
2024-08-01,"1,352.00"
2024-07-31,"1,363.00"
2024-07-30,"1,377.00"
2024-07-29,"1,383.00"
2024-07-26,"1,386.00"
2024-07-25,"1,387.00"
2024-07-24,"1,385.00"
2024-07-23,"1,380.00"
2024-07-22,"1,374.00"
2024-07-19,"1,374.00"
2024-07-18,"1,370.00"
2024-07-17,"1,370.00"
2024-07-16,"1,366.00"
2024-07-15,"1,368.00"
2024-07-12,"1,364.00"
2024-07-11,"1,361.00"
2024-07-10,"1,353.00"
2024-07-09,"1,347.00"
2024-07-08,"1,334.00"
2024-07-05,"1,335.00"
2024-07-04,"1,337.00"
2024-07-03,"1,340.00"
2024-07-02,"1,351.00"
2024-07-01,"1,369.00"
2024-06-28,"1,385.00"
2024-06-27,"1,399.00"
2024-06-26,"1,412.00"
2024-06-25,"1,412.00"
2024-06-24,"1,405.00"
2024-06-21,"1,398.00"
2024-06-20,"1,389.00"
2024-06-19,"1,374.00"
2024-06-18,"1,362.00"
2024-06-17,"1,346.00"
2024-06-14,"1,335.00"
2024-06-13,"1,313.00"
2024-06-12,"1,297.00"
2024-06-11,"1,271.00"
2024-06-10,"1,257.00"
2024-06-07,"1,254.00"
2024-06-06,"1,255.00"
2024-06-05,"1,258.00"
2024-06-04,"1,265.00"
2024-06-03,"1,272.00"
2024-05-31,"1,278.00"
2024-05-30,"1,286.00"
2024-05-29,"1,293.00"
2024-05-28,"1,309.00"
2024-05-24,"1,326.00"
2024-05-23,"1,345.00"
2024-05-22,"1,371.00"
2024-05-21,"1,382.00"
2024-05-20,"1,392.00"
2024-05-17,"1,405.00"
2024-05-16,"1,425.00"
2024-05-15,"1,453.00"
2024-05-14,"1,475.00"
2024-05-13,"1,485.00"
2024-05-10,"1,485.00"
2024-05-09,"1,488.00"
2024-05-08,"1,477.00"
2024-05-07,"1,461.00"
2024-05-03,"1,458.00"
2024-05-02,"1,466.00"
2024-05-01,"1,478.00"
2024-04-30,"1,485.00"
2024-04-29,"1,492.00"
2024-04-26,"1,495.00"
2024-04-25,"1,488.00"
2024-04-24,"1,456.00"
2024-04-23,"1,430.00"
2024-04-22,"1,410.00"
2024-04-19,"1,394.00"
2024-04-18,"1,365.00"
2024-04-17,"1,337.00"
2024-04-16,"1,311.00"
2024-04-15,"1,280.00"
2024-04-12,"1,272.00"
2024-04-11,"1,261.00"
2024-04-10,"1,260.00"
2024-04-09,"1,259.00"
2024-04-08,"1,258.00"
2024-04-05,"1,261.00"
2024-04-04,"1,273.00"
2024-04-03,"1,284.00"
2024-04-02,"1,303.00"
2024-03-28,"1,331.00"
2024-03-27,"1,353.00"
2024-03-26,"1,375.00"
2024-03-25,"1,386.00"
2024-03-22,"1,383.00"
2024-03-21,"1,379.00"
2024-03-20,"1,370.00"
2024-03-19,"1,351.00"
2024-03-18,"1,338.00"
2024-03-15,"1,326.00"
2024-03-14,"1,314.00"
2024-03-13,"1,301.00"
2024-03-12,"1,306.00"
2024-03-11,"1,316.00"
2024-03-08,"1,318.00"
2024-03-07,"1,317.00"
2024-03-06,"1,312.00"
2024-03-05,"1,297.00"
2024-03-04,"1,282.00"
2024-03-01,"1,267.00"
2024-02-29,"1,257.00"
2024-02-28,"1,239.00"
2024-02-27,"1,220.00"
2024-02-26,"1,198.00"
2024-02-23,"1,189.00"
2024-02-22,"1,174.00"
2024-02-21,"1,154.00"
2024-02-20,"1,129.00"
2024-02-19,"1,090.00"
2024-02-16,"1,071.00"
2024-02-15,"1,058.00"
2024-02-14,"1,052.00"
2024-02-13,"1,047.00"
2024-02-12,"1,048.00"
2024-02-09,"1,053.00"
2024-02-08,"1,050.00"
2024-02-07,"1,047.00"
2024-02-06,"1,041.00"
2024-02-05,"1,037.00"
2024-02-02,"1,041.00"
2024-02-01,"1,048.00"
2024-01-31,"1,055.00"
2024-01-30,"1,061.00"
2024-01-29,"1,065.00"
2024-01-26,"1,065.00"
2024-01-25,"1,062.00"
2024-01-24,"1,050.00"
2024-01-23,"1,033.00"
2024-01-22,"1,027.00"
2024-01-19,"1,030.00"
2024-01-18,"1,029.00"
2024-01-17,"1,039.00"
2024-01-16,"1,060.00"
2024-01-15,"1,078.00"
2024-01-12,"1,088.00"
2024-01-11,"1,108.00"
2024-01-10,"1,135.00"
2024-01-09,"1,162.00"
2024-01-08,"1,194.00"
2024-01-05,"1,212.00"
2024-01-04,"1,236.00"
2024-01-03,"1,271.00"
2024-01-02,"1,308.00"
