Date,Month,Plant,Commodity,Required_MT,Target_Buffer_Days
2025-04-29,4,Bhilai Steel Plant,coking_coal,44994.1,21
2025-04-29,4,Bhilai Steel Plant,limestone,19351.1,21
2025-04-29,4,Bhilai Steel Plant,thermal_coal,30565.8,21
2025-04-29,4,Bokaro Steel Plant,coking_coal,46841.5,21
2025-04-29,4,Bokaro Steel Plant,limestone,19178.5,21
2025-04-29,4,Bokaro Steel Plant,thermal_coal,28978.6,21
2025-04-29,4,Rourkela Steel Plant,coking_coal,46942.6,21
2025-04-29,4,Rourkela Steel Plant,limestone,20981.4,21
2025-04-29,4,Rourkela Steel Plant,thermal_coal,28554.9,21
2025-04-29,4,Durgapur Steel Plant,coking_coal,45076.6,21
2025-04-29,4,Durgapur Steel Plant,limestone,18765.8,21
2025-04-29,4,Durgapur Steel Plant,thermal_coal,28561.7,21
2025-05-06,5,Bhilai Steel Plant,coking_coal,44535.5,21
2025-05-06,5,Bhilai Steel Plant,limestone,16156.1,21
2025-05-06,5,Bhilai Steel Plant,thermal_coal,26295.1,21
2025-05-06,5,Bokaro Steel Plant,coking_coal,43087.9,21
2025-05-06,5,Bokaro Steel Plant,limestone,17776.9,21
2025-05-06,5,Bokaro Steel Plant,thermal_coal,29965.6,21
2025-05-06,5,Rourkela Steel Plant,coking_coal,42465.6,21
2025-05-06,5,Rourkela Steel Plant,limestone,17057.9,21
2025-05-06,5,Rourkela Steel Plant,thermal_coal,32038.2,21
2025-05-06,5,Durgapur Steel Plant,coking_coal,43693.6,21
2025-05-06,5,Durgapur Steel Plant,limestone,19721.6,21
2025-05-06,5,Durgapur Steel Plant,thermal_coal,26835.5,21
2025-05-13,5,Bhilai Steel Plant,coking_coal,43120.1,21
2025-05-13,5,Bhilai Steel Plant,limestone,19799.7,21
2025-05-13,5,Bhilai Steel Plant,thermal_coal,27328.2,21
2025-05-13,5,Bokaro Steel Plant,coking_coal,44776.3,21
2025-05-13,5,Bokaro Steel Plant,limestone,18518.9,21
2025-05-13,5,Bokaro Steel Plant,thermal_coal,28875.0,21
2025-05-13,5,Rourkela Steel Plant,coking_coal,43016.9,21
2025-05-13,5,Rourkela Steel Plant,limestone,22934.1,21
2025-05-13,5,Rourkela Steel Plant,thermal_coal,29375.7,21
2025-05-13,5,Durgapur Steel Plant,coking_coal,42196.1,21
2025-05-13,5,Durgapur Steel Plant,limestone,21080.6,21
2025-05-13,5,Durgapur Steel Plant,thermal_coal,27202.5,21
2025-05-20,5,Bhilai Steel Plant,coking_coal,44476.0,21
2025-05-20,5,Bhilai Steel Plant,limestone,16072.6,21
2025-05-20,5,Bhilai Steel Plant,thermal_coal,27009.3,21
2025-05-20,5,Bokaro Steel Plant,coking_coal,44454.4,21
2025-05-20,5,Bokaro Steel Plant,limestone,20929.2,21
2025-05-20,5,Bokaro Steel Plant,thermal_coal,29708.5,21
2025-05-20,5,Rourkela Steel Plant,coking_coal,43891.8,21
2025-05-20,5,Rourkela Steel Plant,limestone,19058.0,21
2025-05-20,5,Rourkela Steel Plant,thermal_coal,26738.7,21
2025-05-20,5,Durgapur Steel Plant,coking_coal,42804.3,21
2025-05-20,5,Durgapur Steel Plant,limestone,18770.9,21
2025-05-20,5,Durgapur Steel Plant,thermal_coal,31302.8,21
2025-05-27,5,Bhilai Steel Plant,coking_coal,44718.5,21
2025-05-27,5,Bhilai Steel Plant,limestone,16426.5,21
2025-05-27,5,Bhilai Steel Plant,thermal_coal,29983.4,21
2025-05-27,5,Bokaro Steel Plant,coking_coal,43406.9,21
2025-05-27,5,Bokaro Steel Plant,limestone,18381.5,21
2025-05-27,5,Bokaro Steel Plant,thermal_coal,30501.0,21
2025-05-27,5,Rourkela Steel Plant,coking_coal,45955.8,21
2025-05-27,5,Rourkela Steel Plant,limestone,21276.3,21
2025-05-27,5,Rourkela Steel Plant,thermal_coal,27889.4,21
2025-05-27,5,Durgapur Steel Plant,coking_coal,43543.4,21
2025-05-27,5,Durgapur Steel Plant,limestone,20196.3,21
2025-05-27,5,Durgapur Steel Plant,thermal_coal,31156.0,21
2025-06-03,6,Bhilai Steel Plant,coking_coal,38737.5,21
2025-06-03,6,Bhilai Steel Plant,limestone,17265.8,21
2025-06-03,6,Bhilai Steel Plant,thermal_coal,24408.6,21
2025-06-03,6,Bokaro Steel Plant,coking_coal,37446.8,21
2025-06-03,6,Bokaro Steel Plant,limestone,19062.5,21
2025-06-03,6,Bokaro Steel Plant,thermal_coal,28841.2,21
2025-06-03,6,Rourkela Steel Plant,coking_coal,39470.4,21
2025-06-03,6,Rourkela Steel Plant,limestone,19406.4,21
2025-06-03,6,Rourkela Steel Plant,thermal_coal,27050.9,21
2025-06-03,6,Durgapur Steel Plant,coking_coal,38438.8,21
2025-06-03,6,Durgapur Steel Plant,limestone,18250.5,21
2025-06-03,6,Durgapur Steel Plant,thermal_coal,29168.5,21
2025-06-10,6,Bhilai Steel Plant,coking_coal,39535.5,21
2025-06-10,6,Bhilai Steel Plant,limestone,20416.4,21
2025-06-10,6,Bhilai Steel Plant,thermal_coal,21684.5,21
2025-06-10,6,Bokaro Steel Plant,coking_coal,41079.4,21
2025-06-10,6,Bokaro Steel Plant,limestone,17756.7,21
2025-06-10,6,Bokaro Steel Plant,thermal_coal,25861.8,21
2025-06-10,6,Rourkela Steel Plant,coking_coal,39765.2,21
2025-06-10,6,Rourkela Steel Plant,limestone,14022.4,21
2025-06-10,6,Rourkela Steel Plant,thermal_coal,26004.6,21
2025-06-10,6,Durgapur Steel Plant,coking_coal,40242.8,21
2025-06-10,6,Durgapur Steel Plant,limestone,20260.2,21
2025-06-10,6,Durgapur Steel Plant,thermal_coal,25467.1,21
2025-06-17,6,Bhilai Steel Plant,coking_coal,38144.7,21
2025-06-17,6,Bhilai Steel Plant,limestone,16696.8,21
2025-06-17,6,Bhilai Steel Plant,thermal_coal,28047.7,21
2025-06-17,6,Bokaro Steel Plant,coking_coal,40191.8,21
2025-06-17,6,Bokaro Steel Plant,limestone,16646.4,21
2025-06-17,6,Bokaro Steel Plant,thermal_coal,27323.9,21
2025-06-17,6,Rourkela Steel Plant,coking_coal,39774.7,21
2025-06-17,6,Rourkela Steel Plant,limestone,19343.6,21
2025-06-17,6,Rourkela Steel Plant,thermal_coal,25136.3,21
2025-06-17,6,Durgapur Steel Plant,coking_coal,39010.2,21
2025-06-17,6,Durgapur Steel Plant,limestone,16894.2,21
2025-06-17,6,Durgapur Steel Plant,thermal_coal,23765.7,21
2025-06-24,6,Bhilai Steel Plant,coking_coal,40133.0,21
2025-06-24,6,Bhilai Steel Plant,limestone,18069.9,21
2025-06-24,6,Bhilai Steel Plant,thermal_coal,26409.2,21
2025-06-24,6,Bokaro Steel Plant,coking_coal,39177.7,21
2025-06-24,6,Bokaro Steel Plant,limestone,15052.3,21
2025-06-24,6,Bokaro Steel Plant,thermal_coal,25642.8,21
2025-06-24,6,Rourkela Steel Plant,coking_coal,38983.1,21
2025-06-24,6,Rourkela Steel Plant,limestone,16155.9,21
2025-06-24,6,Rourkela Steel Plant,thermal_coal,26109.7,21
2025-06-24,6,Durgapur Steel Plant,coking_coal,40327.3,21
2025-06-24,6,Durgapur Steel Plant,limestone,20995.1,21
2025-06-24,6,Durgapur Steel Plant,thermal_coal,26714.2,21
2025-07-01,7,Bhilai Steel Plant,coking_coal,40063.6,21
2025-07-01,7,Bhilai Steel Plant,limestone,17466.0,21
2025-07-01,7,Bhilai Steel Plant,thermal_coal,22946.2,21
2025-07-01,7,Bokaro Steel Plant,coking_coal,39552.3,21
2025-07-01,7,Bokaro Steel Plant,limestone,17708.4,21
2025-07-01,7,Bokaro Steel Plant,thermal_coal,30833.8,21
2025-07-01,7,Rourkela Steel Plant,coking_coal,39253.8,21
2025-07-01,7,Rourkela Steel Plant,limestone,18142.8,21
2025-07-01,7,Rourkela Steel Plant,thermal_coal,26337.5,21
2025-07-01,7,Durgapur Steel Plant,coking_coal,37496.4,21
2025-07-01,7,Durgapur Steel Plant,limestone,19657.1,21
2025-07-01,7,Durgapur Steel Plant,thermal_coal,27753.5,21
2025-07-08,7,Bhilai Steel Plant,coking_coal,41023.9,21
2025-07-08,7,Bhilai Steel Plant,limestone,15963.1,21
2025-07-08,7,Bhilai Steel Plant,thermal_coal,28925.0,21
2025-07-08,7,Bokaro Steel Plant,coking_coal,37076.7,21
2025-07-08,7,Bokaro Steel Plant,limestone,18656.3,21
2025-07-08,7,Bokaro Steel Plant,thermal_coal,30342.8,21
2025-07-08,7,Rourkela Steel Plant,coking_coal,37817.0,21
2025-07-08,7,Rourkela Steel Plant,limestone,16580.7,21
2025-07-08,7,Rourkela Steel Plant,thermal_coal,26579.4,21
2025-07-08,7,Durgapur Steel Plant,coking_coal,38693.7,21
2025-07-08,7,Durgapur Steel Plant,limestone,14808.8,21
2025-07-08,7,Durgapur Steel Plant,thermal_coal,26523.4,21
2025-07-15,7,Bhilai Steel Plant,coking_coal,37687.9,21
2025-07-15,7,Bhilai Steel Plant,limestone,18452.5,21
2025-07-15,7,Bhilai Steel Plant,thermal_coal,24745.0,21
2025-07-15,7,Bokaro Steel Plant,coking_coal,42389.9,21
2025-07-15,7,Bokaro Steel Plant,limestone,16190.1,21
2025-07-15,7,Bokaro Steel Plant,thermal_coal,25820.3,21
2025-07-15,7,Rourkela Steel Plant,coking_coal,41064.3,21
2025-07-15,7,Rourkela Steel Plant,limestone,15384.4,21
2025-07-15,7,Rourkela Steel Plant,thermal_coal,26809.4,21
2025-07-15,7,Durgapur Steel Plant,coking_coal,41952.9,21
2025-07-15,7,Durgapur Steel Plant,limestone,14706.5,21
2025-07-15,7,Durgapur Steel Plant,thermal_coal,26732.3,21
2025-07-22,7,Bhilai Steel Plant,coking_coal,40067.8,21
2025-07-22,7,Bhilai Steel Plant,limestone,19007.3,21
2025-07-22,7,Bhilai Steel Plant,thermal_coal,24173.5,21
2025-07-22,7,Bokaro Steel Plant,coking_coal,37223.2,21
2025-07-22,7,Bokaro Steel Plant,limestone,18539.5,21
2025-07-22,7,Bokaro Steel Plant,thermal_coal,26934.6,21
2025-07-22,7,Rourkela Steel Plant,coking_coal,40050.9,21
2025-07-22,7,Rourkela Steel Plant,limestone,18223.6,21
2025-07-22,7,Rourkela Steel Plant,thermal_coal,25176.0,21
2025-07-22,7,Durgapur Steel Plant,coking_coal,40018.1,21
2025-07-22,7,Durgapur Steel Plant,limestone,18127.5,21
2025-07-22,7,Durgapur Steel Plant,thermal_coal,25114.2,21
2025-07-29,7,Bhilai Steel Plant,coking_coal,42958.4,21
2025-07-29,7,Bhilai Steel Plant,limestone,18452.9,21
2025-07-29,7,Bhilai Steel Plant,thermal_coal,24255.7,21
2025-07-29,7,Bokaro Steel Plant,coking_coal,40781.8,21
2025-07-29,7,Bokaro Steel Plant,limestone,15845.6,21
2025-07-29,7,Bokaro Steel Plant,thermal_coal,27816.8,21
2025-07-29,7,Rourkela Steel Plant,coking_coal,41685.5,21
2025-07-29,7,Rourkela Steel Plant,limestone,16122.8,21
2025-07-29,7,Rourkela Steel Plant,thermal_coal,28134.1,21
2025-07-29,7,Durgapur Steel Plant,coking_coal,40343.0,21
2025-07-29,7,Durgapur Steel Plant,limestone,19079.7,21
2025-07-29,7,Durgapur Steel Plant,thermal_coal,29814.2,21
2025-08-05,8,Bhilai Steel Plant,coking_coal,39158.3,21
2025-08-05,8,Bhilai Steel Plant,limestone,16243.3,21
2025-08-05,8,Bhilai Steel Plant,thermal_coal,24798.9,21
2025-08-05,8,Bokaro Steel Plant,coking_coal,38131.5,21
2025-08-05,8,Bokaro Steel Plant,limestone,17461.2,21
2025-08-05,8,Bokaro Steel Plant,thermal_coal,27014.1,21
2025-08-05,8,Rourkela Steel Plant,coking_coal,40098.0,21
2025-08-05,8,Rourkela Steel Plant,limestone,19088.9,21
2025-08-05,8,Rourkela Steel Plant,thermal_coal,26423.4,21
2025-08-05,8,Durgapur Steel Plant,coking_coal,42216.4,21
2025-08-05,8,Durgapur Steel Plant,limestone,17123.6,21
2025-08-05,8,Durgapur Steel Plant,thermal_coal,31296.3,21
2025-08-12,8,Bhilai Steel Plant,coking_coal,40726.2,21
2025-08-12,8,Bhilai Steel Plant,limestone,16057.1,21
2025-08-12,8,Bhilai Steel Plant,thermal_coal,24472.4,21
2025-08-12,8,Bokaro Steel Plant,coking_coal,40468.5,21
2025-08-12,8,Bokaro Steel Plant,limestone,17197.8,21
2025-08-12,8,Bokaro Steel Plant,thermal_coal,27685.2,21
2025-08-12,8,Rourkela Steel Plant,coking_coal,40451.8,21
2025-08-12,8,Rourkela Steel Plant,limestone,17468.9,21
2025-08-12,8,Rourkela Steel Plant,thermal_coal,24875.8,21
2025-08-12,8,Durgapur Steel Plant,coking_coal,36873.3,21
2025-08-12,8,Durgapur Steel Plant,limestone,16796.3,21
2025-08-12,8,Durgapur Steel Plant,thermal_coal,27941.5,21
2025-08-19,8,Bhilai Steel Plant,coking_coal,39985.4,21
2025-08-19,8,Bhilai Steel Plant,limestone,15357.7,21
2025-08-19,8,Bhilai Steel Plant,thermal_coal,26711.7,21
2025-08-19,8,Bokaro Steel Plant,coking_coal,40293.6,21
2025-08-19,8,Bokaro Steel Plant,limestone,16009.1,21
2025-08-19,8,Bokaro Steel Plant,thermal_coal,26676.7,21
2025-08-19,8,Rourkela Steel Plant,coking_coal,39704.8,21
2025-08-19,8,Rourkela Steel Plant,limestone,15542.7,21
2025-08-19,8,Rourkela Steel Plant,thermal_coal,27044.0,21
2025-08-19,8,Durgapur Steel Plant,coking_coal,40609.4,21
2025-08-19,8,Durgapur Steel Plant,limestone,19549.5,21
2025-08-19,8,Durgapur Steel Plant,thermal_coal,28296.8,21
2025-08-26,8,Bhilai Steel Plant,coking_coal,37120.2,21
2025-08-26,8,Bhilai Steel Plant,limestone,15911.9,21
2025-08-26,8,Bhilai Steel Plant,thermal_coal,27327.1,21
2025-08-26,8,Bokaro Steel Plant,coking_coal,40524.8,21
2025-08-26,8,Bokaro Steel Plant,limestone,18527.1,21
2025-08-26,8,Bokaro Steel Plant,thermal_coal,33334.9,21
2025-08-26,8,Rourkela Steel Plant,coking_coal,40627.6,21
2025-08-26,8,Rourkela Steel Plant,limestone,19644.0,21
2025-08-26,8,Rourkela Steel Plant,thermal_coal,28117.2,21
2025-08-26,8,Durgapur Steel Plant,coking_coal,40772.5,21
2025-08-26,8,Durgapur Steel Plant,limestone,17032.5,21
2025-08-26,8,Durgapur Steel Plant,thermal_coal,27766.1,21
2025-09-02,9,Bhilai Steel Plant,coking_coal,42708.9,21
2025-09-02,9,Bhilai Steel Plant,limestone,19173.7,21
2025-09-02,9,Bhilai Steel Plant,thermal_coal,28526.3,21
2025-09-02,9,Bokaro Steel Plant,coking_coal,44247.4,21
2025-09-02,9,Bokaro Steel Plant,limestone,23766.4,21
2025-09-02,9,Bokaro Steel Plant,thermal_coal,26038.9,21
2025-09-02,9,Rourkela Steel Plant,coking_coal,45335.3,21
2025-09-02,9,Rourkela Steel Plant,limestone,16697.1,21
2025-09-02,9,Rourkela Steel Plant,thermal_coal,28550.5,21
2025-09-02,9,Durgapur Steel Plant,coking_coal,46060.1,21
2025-09-02,9,Durgapur Steel Plant,limestone,19715.7,21
2025-09-02,9,Durgapur Steel Plant,thermal_coal,27460.1,21
2025-09-09,9,Bhilai Steel Plant,coking_coal,42812.5,21
2025-09-09,9,Bhilai Steel Plant,limestone,20823.3,21
2025-09-09,9,Bhilai Steel Plant,thermal_coal,28085.3,21
2025-09-09,9,Bokaro Steel Plant,coking_coal,44489.6,21
2025-09-09,9,Bokaro Steel Plant,limestone,19682.0,21
2025-09-09,9,Bokaro Steel Plant,thermal_coal,28227.1,21
2025-09-09,9,Rourkela Steel Plant,coking_coal,47959.1,21
2025-09-09,9,Rourkela Steel Plant,limestone,20741.1,21
2025-09-09,9,Rourkela Steel Plant,thermal_coal,25754.7,21
2025-09-09,9,Durgapur Steel Plant,coking_coal,44435.6,21
2025-09-09,9,Durgapur Steel Plant,limestone,18408.8,21
2025-09-09,9,Durgapur Steel Plant,thermal_coal,30934.4,21
2025-09-16,9,Bhilai Steel Plant,coking_coal,42673.5,21
2025-09-16,9,Bhilai Steel Plant,limestone,19393.5,21
2025-09-16,9,Bhilai Steel Plant,thermal_coal,30309.0,21
2025-09-16,9,Bokaro Steel Plant,coking_coal,45658.4,21
2025-09-16,9,Bokaro Steel Plant,limestone,17439.5,21
2025-09-16,9,Bokaro Steel Plant,thermal_coal,28797.9,21
2025-09-16,9,Rourkela Steel Plant,coking_coal,43245.1,21
2025-09-16,9,Rourkela Steel Plant,limestone,18424.0,21
2025-09-16,9,Rourkela Steel Plant,thermal_coal,32577.8,21
2025-09-16,9,Durgapur Steel Plant,coking_coal,44829.0,21
2025-09-16,9,Durgapur Steel Plant,limestone,17330.4,21
2025-09-16,9,Durgapur Steel Plant,thermal_coal,31052.2,21
2025-09-23,9,Bhilai Steel Plant,coking_coal,47919.9,21
2025-09-23,9,Bhilai Steel Plant,limestone,21458.4,21
2025-09-23,9,Bhilai Steel Plant,thermal_coal,26665.1,21
2025-09-23,9,Bokaro Steel Plant,coking_coal,43228.4,21
2025-09-23,9,Bokaro Steel Plant,limestone,21880.4,21
2025-09-23,9,Bokaro Steel Plant,thermal_coal,28126.2,21
2025-09-23,9,Rourkela Steel Plant,coking_coal,44898.9,21
2025-09-23,9,Rourkela Steel Plant,limestone,20994.3,21
2025-09-23,9,Rourkela Steel Plant,thermal_coal,27731.5,21
2025-09-23,9,Durgapur Steel Plant,coking_coal,43992.9,21
2025-09-23,9,Durgapur Steel Plant,limestone,13765.7,21
2025-09-23,9,Durgapur Steel Plant,thermal_coal,27556.1,21
2025-09-30,9,Bhilai Steel Plant,coking_coal,43645.4,21
2025-09-30,9,Bhilai Steel Plant,limestone,17354.0,21
2025-09-30,9,Bhilai Steel Plant,thermal_coal,32338.3,21
2025-09-30,9,Bokaro Steel Plant,coking_coal,41525.7,21
2025-09-30,9,Bokaro Steel Plant,limestone,18807.9,21
2025-09-30,9,Bokaro Steel Plant,thermal_coal,29635.3,21
2025-09-30,9,Rourkela Steel Plant,coking_coal,46694.3,21
2025-09-30,9,Rourkela Steel Plant,limestone,17015.4,21
2025-09-30,9,Rourkela Steel Plant,thermal_coal,31493.7,21
2025-09-30,9,Durgapur Steel Plant,coking_coal,44118.4,21
2025-09-30,9,Durgapur Steel Plant,limestone,17833.3,21
2025-09-30,9,Durgapur Steel Plant,thermal_coal,30231.8,21
2025-10-07,10,Bhilai Steel Plant,coking_coal,53458.3,21
2025-10-07,10,Bhilai Steel Plant,limestone,22519.6,21
2025-10-07,10,Bhilai Steel Plant,thermal_coal,35525.6,21
2025-10-07,10,Bokaro Steel Plant,coking_coal,52406.4,21
2025-10-07,10,Bokaro Steel Plant,limestone,23804.3,21
2025-10-07,10,Bokaro Steel Plant,thermal_coal,36591.8,21
2025-10-07,10,Rourkela Steel Plant,coking_coal,55954.8,21
2025-10-07,10,Rourkela Steel Plant,limestone,21371.9,21
2025-10-07,10,Rourkela Steel Plant,thermal_coal,39239.5,21
2025-10-07,10,Durgapur Steel Plant,coking_coal,49586.2,21
2025-10-07,10,Durgapur Steel Plant,limestone,23326.8,21
2025-10-07,10,Durgapur Steel Plant,thermal_coal,36459.0,21
2025-10-14,10,Bhilai Steel Plant,coking_coal,53605.8,21
2025-10-14,10,Bhilai Steel Plant,limestone,22479.1,21
2025-10-14,10,Bhilai Steel Plant,thermal_coal,35025.4,21
2025-10-14,10,Bokaro Steel Plant,coking_coal,52212.6,21
2025-10-14,10,Bokaro Steel Plant,limestone,22539.1,21
2025-10-14,10,Bokaro Steel Plant,thermal_coal,36929.3,21
2025-10-14,10,Rourkela Steel Plant,coking_coal,53742.6,21
2025-10-14,10,Rourkela Steel Plant,limestone,22352.8,21
2025-10-14,10,Rourkela Steel Plant,thermal_coal,37019.3,21
2025-10-14,10,Durgapur Steel Plant,coking_coal,53653.1,21
2025-10-14,10,Durgapur Steel Plant,limestone,25063.2,21
2025-10-14,10,Durgapur Steel Plant,thermal_coal,36533.3,21
2025-10-21,10,Bhilai Steel Plant,coking_coal,51607.8,21
2025-10-21,10,Bhilai Steel Plant,limestone,22591.7,21
2025-10-21,10,Bhilai Steel Plant,thermal_coal,36745.1,21
2025-10-21,10,Bokaro Steel Plant,coking_coal,54198.7,21
2025-10-21,10,Bokaro Steel Plant,limestone,23562.4,21
2025-10-21,10,Bokaro Steel Plant,thermal_coal,35611.2,21
2025-10-21,10,Rourkela Steel Plant,coking_coal,55399.8,21
2025-10-21,10,Rourkela Steel Plant,limestone,22535.2,21
2025-10-21,10,Rourkela Steel Plant,thermal_coal,36384.8,21
2025-10-21,10,Durgapur Steel Plant,coking_coal,52736.1,21
2025-10-21,10,Durgapur Steel Plant,limestone,23208.2,21
2025-10-21,10,Durgapur Steel Plant,thermal_coal,37377.8,21
2025-10-28,10,Bhilai Steel Plant,coking_coal,54585.7,21
2025-10-28,10,Bhilai Steel Plant,limestone,25064.3,21
2025-10-28,10,Bhilai Steel Plant,thermal_coal,37749.9,21
2025-10-28,10,Bokaro Steel Plant,coking_coal,53137.8,21
2025-10-28,10,Bokaro Steel Plant,limestone,24827.5,21
2025-10-28,10,Bokaro Steel Plant,thermal_coal,34841.5,21
2025-10-28,10,Rourkela Steel Plant,coking_coal,53683.5,21
2025-10-28,10,Rourkela Steel Plant,limestone,23365.7,21
2025-10-28,10,Rourkela Steel Plant,thermal_coal,35574.6,21
2025-10-28,10,Durgapur Steel Plant,coking_coal,54171.3,21
2025-10-28,10,Durgapur Steel Plant,limestone,22127.2,21
2025-10-28,10,Durgapur Steel Plant,thermal_coal,39166.3,21
2025-11-04,11,Bhilai Steel Plant,coking_coal,51289.2,21
2025-11-04,11,Bhilai Steel Plant,limestone,21414.5,21
2025-11-04,11,Bhilai Steel Plant,thermal_coal,37484.6,21
2025-11-04,11,Bokaro Steel Plant,coking_coal,54525.0,21
2025-11-04,11,Bokaro Steel Plant,limestone,24723.4,21
2025-11-04,11,Bokaro Steel Plant,thermal_coal,36531.0,21
2025-11-04,11,Rourkela Steel Plant,coking_coal,53078.0,21
2025-11-04,11,Rourkela Steel Plant,limestone,21984.9,21
2025-11-04,11,Rourkela Steel Plant,thermal_coal,35536.4,21
2025-11-04,11,Durgapur Steel Plant,coking_coal,51881.1,21
2025-11-04,11,Durgapur Steel Plant,limestone,25355.2,21
2025-11-04,11,Durgapur Steel Plant,thermal_coal,35135.3,21
2025-11-11,11,Bhilai Steel Plant,coking_coal,51614.1,21
2025-11-11,11,Bhilai Steel Plant,limestone,23021.5,21
2025-11-11,11,Bhilai Steel Plant,thermal_coal,36143.3,21
2025-11-11,11,Bokaro Steel Plant,coking_coal,52085.3,21
2025-11-11,11,Bokaro Steel Plant,limestone,22120.0,21
2025-11-11,11,Bokaro Steel Plant,thermal_coal,35838.6,21
2025-11-11,11,Rourkela Steel Plant,coking_coal,53540.9,21
2025-11-11,11,Rourkela Steel Plant,limestone,22687.5,21
2025-11-11,11,Rourkela Steel Plant,thermal_coal,34552.1,21
2025-11-11,11,Durgapur Steel Plant,coking_coal,53517.7,21
2025-11-11,11,Durgapur Steel Plant,limestone,20993.4,21
2025-11-11,11,Durgapur Steel Plant,thermal_coal,32866.6,21
2025-11-18,11,Bhilai Steel Plant,coking_coal,51806.8,21
2025-11-18,11,Bhilai Steel Plant,limestone,23215.8,21
2025-11-18,11,Bhilai Steel Plant,thermal_coal,35959.6,21
2025-11-18,11,Bokaro Steel Plant,coking_coal,55755.6,21
2025-11-18,11,Bokaro Steel Plant,limestone,25143.8,21
2025-11-18,11,Bokaro Steel Plant,thermal_coal,35112.1,21
2025-11-18,11,Rourkela Steel Plant,coking_coal,53065.8,21
2025-11-18,11,Rourkela Steel Plant,limestone,21795.4,21
2025-11-18,11,Rourkela Steel Plant,thermal_coal,35366.7,21
2025-11-18,11,Durgapur Steel Plant,coking_coal,52580.4,21
2025-11-18,11,Durgapur Steel Plant,limestone,24180.9,21
2025-11-18,11,Durgapur Steel Plant,thermal_coal,33911.0,21
2025-11-25,11,Bhilai Steel Plant,coking_coal,54034.8,21
2025-11-25,11,Bhilai Steel Plant,limestone,26358.9,21
2025-11-25,11,Bhilai Steel Plant,thermal_coal,35204.2,21
2025-11-25,11,Bokaro Steel Plant,coking_coal,53823.1,21
2025-11-25,11,Bokaro Steel Plant,limestone,24842.3,21
2025-11-25,11,Bokaro Steel Plant,thermal_coal,34677.8,21
2025-11-25,11,Rourkela Steel Plant,coking_coal,53503.4,21
2025-11-25,11,Rourkela Steel Plant,limestone,23622.7,21
2025-11-25,11,Rourkela Steel Plant,thermal_coal,35575.8,21
2025-11-25,11,Durgapur Steel Plant,coking_coal,51708.6,21
2025-11-25,11,Durgapur Steel Plant,limestone,23644.1,21
2025-11-25,11,Durgapur Steel Plant,thermal_coal,36296.4,21
2025-12-02,12,Bhilai Steel Plant,coking_coal,55712.1,21
2025-12-02,12,Bhilai Steel Plant,limestone,25326.7,21
2025-12-02,12,Bhilai Steel Plant,thermal_coal,39275.7,21
2025-12-02,12,Bokaro Steel Plant,coking_coal,51718.8,21
2025-12-02,12,Bokaro Steel Plant,limestone,25170.2,21
2025-12-02,12,Bokaro Steel Plant,thermal_coal,35730.0,21
2025-12-02,12,Rourkela Steel Plant,coking_coal,57041.6,21
2025-12-02,12,Rourkela Steel Plant,limestone,22145.1,21
2025-12-02,12,Rourkela Steel Plant,thermal_coal,33888.5,21
2025-12-02,12,Durgapur Steel Plant,coking_coal,52021.1,21
2025-12-02,12,Durgapur Steel Plant,limestone,19777.0,21
2025-12-02,12,Durgapur Steel Plant,thermal_coal,34453.6,21
2025-12-09,12,Bhilai Steel Plant,coking_coal,51733.6,21
2025-12-09,12,Bhilai Steel Plant,limestone,23870.7,21
2025-12-09,12,Bhilai Steel Plant,thermal_coal,36015.2,21
2025-12-09,12,Bokaro Steel Plant,coking_coal,56477.1,21
2025-12-09,12,Bokaro Steel Plant,limestone,25310.8,21
2025-12-09,12,Bokaro Steel Plant,thermal_coal,34361.6,21
2025-12-09,12,Rourkela Steel Plant,coking_coal,51482.9,21
2025-12-09,12,Rourkela Steel Plant,limestone,24485.5,21
2025-12-09,12,Rourkela Steel Plant,thermal_coal,33023.6,21
2025-12-09,12,Durgapur Steel Plant,coking_coal,56396.6,21
2025-12-09,12,Durgapur Steel Plant,limestone,25723.0,21
2025-12-09,12,Durgapur Steel Plant,thermal_coal,34555.5,21
2025-12-16,12,Bhilai Steel Plant,coking_coal,50016.4,21
2025-12-16,12,Bhilai Steel Plant,limestone,26037.0,21
2025-12-16,12,Bhilai Steel Plant,thermal_coal,35193.8,21
2025-12-16,12,Bokaro Steel Plant,coking_coal,55328.1,21
2025-12-16,12,Bokaro Steel Plant,limestone,20730.0,21
2025-12-16,12,Bokaro Steel Plant,thermal_coal,34321.1,21
2025-12-16,12,Rourkela Steel Plant,coking_coal,53109.4,21
2025-12-16,12,Rourkela Steel Plant,limestone,23684.6,21
2025-12-16,12,Rourkela Steel Plant,thermal_coal,34589.9,21
2025-12-16,12,Durgapur Steel Plant,coking_coal,54221.1,21
2025-12-16,12,Durgapur Steel Plant,limestone,21678.3,21
2025-12-16,12,Durgapur Steel Plant,thermal_coal,35143.7,21
2025-12-23,12,Bhilai Steel Plant,coking_coal,53316.5,21
2025-12-23,12,Bhilai Steel Plant,limestone,24526.0,21
2025-12-23,12,Bhilai Steel Plant,thermal_coal,36680.9,21
2025-12-23,12,Bokaro Steel Plant,coking_coal,51075.6,21
2025-12-23,12,Bokaro Steel Plant,limestone,20838.6,21
2025-12-23,12,Bokaro Steel Plant,thermal_coal,37699.8,21
2025-12-23,12,Rourkela Steel Plant,coking_coal,53698.2,21
2025-12-23,12,Rourkela Steel Plant,limestone,22252.7,21
2025-12-23,12,Rourkela Steel Plant,thermal_coal,38192.1,21
2025-12-23,12,Durgapur Steel Plant,coking_coal,53308.2,21
2025-12-23,12,Durgapur Steel Plant,limestone,25722.7,21
2025-12-23,12,Durgapur Steel Plant,thermal_coal,35521.5,21
2025-12-30,12,Bhilai Steel Plant,coking_coal,56809.3,21
2025-12-30,12,Bhilai Steel Plant,limestone,26759.6,21
2025-12-30,12,Bhilai Steel Plant,thermal_coal,34951.9,21
2025-12-30,12,Bokaro Steel Plant,coking_coal,54848.8,21
2025-12-30,12,Bokaro Steel Plant,limestone,24761.7,21
2025-12-30,12,Bokaro Steel Plant,thermal_coal,37863.5,21
2025-12-30,12,Rourkela Steel Plant,coking_coal,51363.1,21
2025-12-30,12,Rourkela Steel Plant,limestone,24834.9,21
2025-12-30,12,Rourkela Steel Plant,thermal_coal,37305.2,21
2025-12-30,12,Durgapur Steel Plant,coking_coal,49934.3,21
2025-12-30,12,Durgapur Steel Plant,limestone,21470.1,21
2025-12-30,12,Durgapur Steel Plant,thermal_coal,31729.4,21
2026-01-06,1,Bhilai Steel Plant,coking_coal,52615.1,21
2026-01-06,1,Bhilai Steel Plant,limestone,24891.6,21
2026-01-06,1,Bhilai Steel Plant,thermal_coal,38104.2,21
2026-01-06,1,Bokaro Steel Plant,coking_coal,53233.4,21
2026-01-06,1,Bokaro Steel Plant,limestone,26531.5,21
2026-01-06,1,Bokaro Steel Plant,thermal_coal,32915.8,21
2026-01-06,1,Rourkela Steel Plant,coking_coal,50033.9,21
2026-01-06,1,Rourkela Steel Plant,limestone,23500.0,21
2026-01-06,1,Rourkela Steel Plant,thermal_coal,36091.3,21
2026-01-06,1,Durgapur Steel Plant,coking_coal,53041.1,21
2026-01-06,1,Durgapur Steel Plant,limestone,19878.6,21
2026-01-06,1,Durgapur Steel Plant,thermal_coal,35239.6,21
2026-01-13,1,Bhilai Steel Plant,coking_coal,50752.0,21
2026-01-13,1,Bhilai Steel Plant,limestone,24805.4,21
2026-01-13,1,Bhilai Steel Plant,thermal_coal,36059.9,21
2026-01-13,1,Bokaro Steel Plant,coking_coal,51408.2,21
2026-01-13,1,Bokaro Steel Plant,limestone,22675.0,21
2026-01-13,1,Bokaro Steel Plant,thermal_coal,33493.4,21
2026-01-13,1,Rourkela Steel Plant,coking_coal,52987.2,21
2026-01-13,1,Rourkela Steel Plant,limestone,25319.3,21
2026-01-13,1,Rourkela Steel Plant,thermal_coal,33625.7,21
2026-01-13,1,Durgapur Steel Plant,coking_coal,54007.3,21
2026-01-13,1,Durgapur Steel Plant,limestone,22645.5,21
2026-01-13,1,Durgapur Steel Plant,thermal_coal,33972.8,21
2026-01-20,1,Bhilai Steel Plant,coking_coal,52907.3,21
2026-01-20,1,Bhilai Steel Plant,limestone,21736.6,21
2026-01-20,1,Bhilai Steel Plant,thermal_coal,34403.4,21
2026-01-20,1,Bokaro Steel Plant,coking_coal,50943.8,21
2026-01-20,1,Bokaro Steel Plant,limestone,27136.5,21
2026-01-20,1,Bokaro Steel Plant,thermal_coal,35463.5,21
2026-01-20,1,Rourkela Steel Plant,coking_coal,51840.5,21
2026-01-20,1,Rourkela Steel Plant,limestone,23985.2,21
2026-01-20,1,Rourkela Steel Plant,thermal_coal,35197.8,21
2026-01-20,1,Durgapur Steel Plant,coking_coal,52702.3,21
2026-01-20,1,Durgapur Steel Plant,limestone,24705.5,21
2026-01-20,1,Durgapur Steel Plant,thermal_coal,36763.5,21
2026-01-27,1,Bhilai Steel Plant,coking_coal,52145.1,21
2026-01-27,1,Bhilai Steel Plant,limestone,22563.5,21
2026-01-27,1,Bhilai Steel Plant,thermal_coal,34904.9,21
2026-01-27,1,Bokaro Steel Plant,coking_coal,48956.5,21
2026-01-27,1,Bokaro Steel Plant,limestone,20872.7,21
2026-01-27,1,Bokaro Steel Plant,thermal_coal,37860.4,21
2026-01-27,1,Rourkela Steel Plant,coking_coal,56060.9,21
2026-01-27,1,Rourkela Steel Plant,limestone,23151.7,21
2026-01-27,1,Rourkela Steel Plant,thermal_coal,36437.8,21
2026-01-27,1,Durgapur Steel Plant,coking_coal,53660.3,21
2026-01-27,1,Durgapur Steel Plant,limestone,29142.0,21
2026-01-27,1,Durgapur Steel Plant,thermal_coal,37415.2,21
2026-02-03,2,Bhilai Steel Plant,coking_coal,52869.7,21
2026-02-03,2,Bhilai Steel Plant,limestone,21880.0,21
2026-02-03,2,Bhilai Steel Plant,thermal_coal,32508.4,21
2026-02-03,2,Bokaro Steel Plant,coking_coal,53466.2,21
2026-02-03,2,Bokaro Steel Plant,limestone,22238.6,21
2026-02-03,2,Bokaro Steel Plant,thermal_coal,32839.9,21
2026-02-03,2,Rourkela Steel Plant,coking_coal,51936.2,21
2026-02-03,2,Rourkela Steel Plant,limestone,21653.2,21
2026-02-03,2,Rourkela Steel Plant,thermal_coal,38436.9,21
2026-02-03,2,Durgapur Steel Plant,coking_coal,54687.0,21
2026-02-03,2,Durgapur Steel Plant,limestone,23585.6,21
2026-02-03,2,Durgapur Steel Plant,thermal_coal,38063.9,21
2026-02-10,2,Bhilai Steel Plant,coking_coal,53239.3,21
2026-02-10,2,Bhilai Steel Plant,limestone,22049.7,21
2026-02-10,2,Bhilai Steel Plant,thermal_coal,38141.6,21
2026-02-10,2,Bokaro Steel Plant,coking_coal,54070.0,21
2026-02-10,2,Bokaro Steel Plant,limestone,21733.0,21
2026-02-10,2,Bokaro Steel Plant,thermal_coal,35057.4,21
2026-02-10,2,Rourkela Steel Plant,coking_coal,51523.9,21
2026-02-10,2,Rourkela Steel Plant,limestone,21111.0,21
2026-02-10,2,Rourkela Steel Plant,thermal_coal,37067.1,21
2026-02-10,2,Durgapur Steel Plant,coking_coal,56536.9,21
2026-02-10,2,Durgapur Steel Plant,limestone,21082.6,21
2026-02-10,2,Durgapur Steel Plant,thermal_coal,36413.3,21
2026-02-17,2,Bhilai Steel Plant,coking_coal,51928.8,21
2026-02-17,2,Bhilai Steel Plant,limestone,22723.2,21
2026-02-17,2,Bhilai Steel Plant,thermal_coal,34333.7,21
2026-02-17,2,Bokaro Steel Plant,coking_coal,51544.8,21
2026-02-17,2,Bokaro Steel Plant,limestone,23687.3,21
2026-02-17,2,Bokaro Steel Plant,thermal_coal,33904.3,21
2026-02-17,2,Rourkela Steel Plant,coking_coal,53586.8,21
2026-02-17,2,Rourkela Steel Plant,limestone,23509.6,21
2026-02-17,2,Rourkela Steel Plant,thermal_coal,34969.9,21
2026-02-17,2,Durgapur Steel Plant,coking_coal,51466.4,21
2026-02-17,2,Durgapur Steel Plant,limestone,22561.8,21
2026-02-17,2,Durgapur Steel Plant,thermal_coal,36759.7,21
2026-02-24,2,Bhilai Steel Plant,coking_coal,54001.7,21
2026-02-24,2,Bhilai Steel Plant,limestone,21840.4,21
2026-02-24,2,Bhilai Steel Plant,thermal_coal,35578.8,21
2026-02-24,2,Bokaro Steel Plant,coking_coal,54452.5,21
2026-02-24,2,Bokaro Steel Plant,limestone,20595.1,21
2026-02-24,2,Bokaro Steel Plant,thermal_coal,36378.0,21
2026-02-24,2,Rourkela Steel Plant,coking_coal,51907.3,21
2026-02-24,2,Rourkela Steel Plant,limestone,24627.1,21
2026-02-24,2,Rourkela Steel Plant,thermal_coal,34026.1,21
2026-02-24,2,Durgapur Steel Plant,coking_coal,49851.2,21
2026-02-24,2,Durgapur Steel Plant,limestone,20670.4,21
2026-02-24,2,Durgapur Steel Plant,thermal_coal,35486.6,21
2026-03-03,3,Bhilai Steel Plant,coking_coal,44567.5,21
2026-03-03,3,Bhilai Steel Plant,limestone,17972.2,21
2026-03-03,3,Bhilai Steel Plant,thermal_coal,30549.5,21
2026-03-03,3,Bokaro Steel Plant,coking_coal,41109.3,21
2026-03-03,3,Bokaro Steel Plant,limestone,19481.1,21
2026-03-03,3,Bokaro Steel Plant,thermal_coal,27220.2,21
2026-03-03,3,Rourkela Steel Plant,coking_coal,42926.7,21
2026-03-03,3,Rourkela Steel Plant,limestone,19685.3,21
2026-03-03,3,Rourkela Steel Plant,thermal_coal,27851.3,21
2026-03-03,3,Durgapur Steel Plant,coking_coal,43407.8,21
2026-03-03,3,Durgapur Steel Plant,limestone,21411.3,21
2026-03-03,3,Durgapur Steel Plant,thermal_coal,28361.6,21
2026-03-10,3,Bhilai Steel Plant,coking_coal,45604.2,21
2026-03-10,3,Bhilai Steel Plant,limestone,17566.5,21
2026-03-10,3,Bhilai Steel Plant,thermal_coal,30353.6,21
2026-03-10,3,Bokaro Steel Plant,coking_coal,46694.8,21
2026-03-10,3,Bokaro Steel Plant,limestone,15151.0,21
2026-03-10,3,Bokaro Steel Plant,thermal_coal,27965.6,21
2026-03-10,3,Rourkela Steel Plant,coking_coal,45138.7,21
2026-03-10,3,Rourkela Steel Plant,limestone,19234.5,21
2026-03-10,3,Rourkela Steel Plant,thermal_coal,30068.1,21
2026-03-10,3,Durgapur Steel Plant,coking_coal,43012.8,21
2026-03-10,3,Durgapur Steel Plant,limestone,19755.9,21
2026-03-10,3,Durgapur Steel Plant,thermal_coal,29119.8,21
2026-03-17,3,Bhilai Steel Plant,coking_coal,46202.0,21
2026-03-17,3,Bhilai Steel Plant,limestone,20058.0,21
2026-03-17,3,Bhilai Steel Plant,thermal_coal,30007.7,21
2026-03-17,3,Bokaro Steel Plant,coking_coal,43358.6,21
2026-03-17,3,Bokaro Steel Plant,limestone,18722.3,21
2026-03-17,3,Bokaro Steel Plant,thermal_coal,28621.4,21
2026-03-17,3,Rourkela Steel Plant,coking_coal,44810.0,21
2026-03-17,3,Rourkela Steel Plant,limestone,18842.2,21
2026-03-17,3,Rourkela Steel Plant,thermal_coal,29921.6,21
2026-03-17,3,Durgapur Steel Plant,coking_coal,47835.7,21
2026-03-17,3,Durgapur Steel Plant,limestone,21168.0,21
2026-03-17,3,Durgapur Steel Plant,thermal_coal,28813.2,21
2026-03-24,3,Bhilai Steel Plant,coking_coal,46262.2,21
2026-03-24,3,Bhilai Steel Plant,limestone,18865.5,21
2026-03-24,3,Bhilai Steel Plant,thermal_coal,25731.4,21
2026-03-24,3,Bokaro Steel Plant,coking_coal,42285.4,21
2026-03-24,3,Bokaro Steel Plant,limestone,16232.6,21
2026-03-24,3,Bokaro Steel Plant,thermal_coal,28767.3,21
2026-03-24,3,Rourkela Steel Plant,coking_coal,44133.2,21
2026-03-24,3,Rourkela Steel Plant,limestone,22617.6,21
2026-03-24,3,Rourkela Steel Plant,thermal_coal,29988.5,21
2026-03-24,3,Durgapur Steel Plant,coking_coal,43705.6,21
2026-03-24,3,Durgapur Steel Plant,limestone,21092.9,21
2026-03-24,3,Durgapur Steel Plant,thermal_coal,25420.0,21
2026-03-31,3,Bhilai Steel Plant,coking_coal,44524.1,21
2026-03-31,3,Bhilai Steel Plant,limestone,20987.6,21
2026-03-31,3,Bhilai Steel Plant,thermal_coal,26738.5,21
2026-03-31,3,Bokaro Steel Plant,coking_coal,46158.8,21
2026-03-31,3,Bokaro Steel Plant,limestone,20209.3,21
2026-03-31,3,Bokaro Steel Plant,thermal_coal,28652.5,21
2026-03-31,3,Rourkela Steel Plant,coking_coal,45239.0,21
2026-03-31,3,Rourkela Steel Plant,limestone,23687.2,21
2026-03-31,3,Rourkela Steel Plant,thermal_coal,29727.4,21
2026-03-31,3,Durgapur Steel Plant,coking_coal,44546.8,21
2026-03-31,3,Durgapur Steel Plant,limestone,18773.2,21
2026-03-31,3,Durgapur Steel Plant,thermal_coal,27870.3,21
2026-04-07,4,Bhilai Steel Plant,coking_coal,45594.6,21
2026-04-07,4,Bhilai Steel Plant,limestone,18059.0,21
2026-04-07,4,Bhilai Steel Plant,thermal_coal,29528.8,21
2026-04-07,4,Bokaro Steel Plant,coking_coal,43240.2,21
2026-04-07,4,Bokaro Steel Plant,limestone,20462.2,21
2026-04-07,4,Bokaro Steel Plant,thermal_coal,30000.6,21
2026-04-07,4,Rourkela Steel Plant,coking_coal,45967.6,21
2026-04-07,4,Rourkela Steel Plant,limestone,18682.0,21
2026-04-07,4,Rourkela Steel Plant,thermal_coal,28914.2,21
2026-04-07,4,Durgapur Steel Plant,coking_coal,42338.2,21
2026-04-07,4,Durgapur Steel Plant,limestone,18800.3,21
2026-04-07,4,Durgapur Steel Plant,thermal_coal,30079.1,21
2026-04-14,4,Bhilai Steel Plant,coking_coal,45462.6,21
2026-04-14,4,Bhilai Steel Plant,limestone,17940.1,21
2026-04-14,4,Bhilai Steel Plant,thermal_coal,30965.3,21
2026-04-14,4,Bokaro Steel Plant,coking_coal,46540.1,21
2026-04-14,4,Bokaro Steel Plant,limestone,20344.2,21
2026-04-14,4,Bokaro Steel Plant,thermal_coal,32778.2,21
2026-04-14,4,Rourkela Steel Plant,coking_coal,42707.2,21
2026-04-14,4,Rourkela Steel Plant,limestone,17359.6,21
2026-04-14,4,Rourkela Steel Plant,thermal_coal,26198.3,21
2026-04-14,4,Durgapur Steel Plant,coking_coal,46792.9,21
2026-04-14,4,Durgapur Steel Plant,limestone,20777.9,21
2026-04-14,4,Durgapur Steel Plant,thermal_coal,29299.9,21
2026-04-21,4,Bhilai Steel Plant,coking_coal,44603.9,21
2026-04-21,4,Bhilai Steel Plant,limestone,17574.1,21
2026-04-21,4,Bhilai Steel Plant,thermal_coal,33802.4,21
2026-04-21,4,Bokaro Steel Plant,coking_coal,44332.6,21
2026-04-21,4,Bokaro Steel Plant,limestone,19796.9,21
2026-04-21,4,Bokaro Steel Plant,thermal_coal,30706.4,21
2026-04-21,4,Rourkela Steel Plant,coking_coal,44965.8,21
2026-04-21,4,Rourkela Steel Plant,limestone,20003.0,21
2026-04-21,4,Rourkela Steel Plant,thermal_coal,27977.1,21
2026-04-21,4,Durgapur Steel Plant,coking_coal,44948.6,21
2026-04-21,4,Durgapur Steel Plant,limestone,22987.6,21
2026-04-21,4,Durgapur Steel Plant,thermal_coal,31821.8,21
2026-04-28,4,Bhilai Steel Plant,coking_coal,46967.7,21
2026-04-28,4,Bhilai Steel Plant,limestone,18679.8,21
2026-04-28,4,Bhilai Steel Plant,thermal_coal,27618.7,21
2026-04-28,4,Bokaro Steel Plant,coking_coal,43873.6,21
2026-04-28,4,Bokaro Steel Plant,limestone,19700.3,21
2026-04-28,4,Bokaro Steel Plant,thermal_coal,31369.5,21
2026-04-28,4,Rourkela Steel Plant,coking_coal,41053.6,21
2026-04-28,4,Rourkela Steel Plant,limestone,22353.2,21
2026-04-28,4,Rourkela Steel Plant,thermal_coal,29115.6,21
2026-04-28,4,Durgapur Steel Plant,coking_coal,43331.6,21
2026-04-28,4,Durgapur Steel Plant,limestone,17778.2,21
2026-04-28,4,Durgapur Steel Plant,thermal_coal,26421.3,21
2026-05-05,5,Bhilai Steel Plant,coking_coal,45581.7,21
2026-05-05,5,Bhilai Steel Plant,limestone,19732.0,21
2026-05-05,5,Bhilai Steel Plant,thermal_coal,27078.1,21
2026-05-05,5,Bokaro Steel Plant,coking_coal,41768.9,21
2026-05-05,5,Bokaro Steel Plant,limestone,18995.6,21
2026-05-05,5,Bokaro Steel Plant,thermal_coal,32404.2,21
2026-05-05,5,Rourkela Steel Plant,coking_coal,43632.7,21
2026-05-05,5,Rourkela Steel Plant,limestone,16894.3,21
2026-05-05,5,Rourkela Steel Plant,thermal_coal,28957.7,21
2026-05-05,5,Durgapur Steel Plant,coking_coal,43609.1,21
2026-05-05,5,Durgapur Steel Plant,limestone,14745.6,21
2026-05-05,5,Durgapur Steel Plant,thermal_coal,29302.3,21
2026-05-12,5,Bhilai Steel Plant,coking_coal,43684.3,21
2026-05-12,5,Bhilai Steel Plant,limestone,20853.2,21
2026-05-12,5,Bhilai Steel Plant,thermal_coal,32728.1,21
2026-05-12,5,Bokaro Steel Plant,coking_coal,46127.8,21
2026-05-12,5,Bokaro Steel Plant,limestone,19116.0,21
2026-05-12,5,Bokaro Steel Plant,thermal_coal,27408.3,21
2026-05-12,5,Rourkela Steel Plant,coking_coal,48732.0,21
2026-05-12,5,Rourkela Steel Plant,limestone,19706.6,21
2026-05-12,5,Rourkela Steel Plant,thermal_coal,29425.1,21
2026-05-12,5,Durgapur Steel Plant,coking_coal,44056.6,21
2026-05-12,5,Durgapur Steel Plant,limestone,19956.6,21
2026-05-12,5,Durgapur Steel Plant,thermal_coal,29140.2,21
2026-05-19,5,Bhilai Steel Plant,coking_coal,43067.4,21
2026-05-19,5,Bhilai Steel Plant,limestone,18615.7,21
2026-05-19,5,Bhilai Steel Plant,thermal_coal,29341.0,21
2026-05-19,5,Bokaro Steel Plant,coking_coal,43121.8,21
2026-05-19,5,Bokaro Steel Plant,limestone,18316.9,21
2026-05-19,5,Bokaro Steel Plant,thermal_coal,29591.6,21
2026-05-19,5,Rourkela Steel Plant,coking_coal,43641.0,21
2026-05-19,5,Rourkela Steel Plant,limestone,22307.2,21
2026-05-19,5,Rourkela Steel Plant,thermal_coal,24628.3,21
2026-05-19,5,Durgapur Steel Plant,coking_coal,46064.7,21
2026-05-19,5,Durgapur Steel Plant,limestone,21843.0,21
2026-05-19,5,Durgapur Steel Plant,thermal_coal,25667.9,21
2026-05-26,5,Bhilai Steel Plant,coking_coal,43483.2,21
2026-05-26,5,Bhilai Steel Plant,limestone,18931.4,21
2026-05-26,5,Bhilai Steel Plant,thermal_coal,26866.5,21
2026-05-26,5,Bokaro Steel Plant,coking_coal,42699.9,21
2026-05-26,5,Bokaro Steel Plant,limestone,17601.0,21
2026-05-26,5,Bokaro Steel Plant,thermal_coal,32554.1,21
2026-05-26,5,Rourkela Steel Plant,coking_coal,45784.2,21
2026-05-26,5,Rourkela Steel Plant,limestone,21888.8,21
2026-05-26,5,Rourkela Steel Plant,thermal_coal,30699.0,21
2026-05-26,5,Durgapur Steel Plant,coking_coal,42067.7,21
2026-05-26,5,Durgapur Steel Plant,limestone,18655.9,21
2026-05-26,5,Durgapur Steel Plant,thermal_coal,30280.9,21
2026-06-02,6,Bhilai Steel Plant,coking_coal,37400.2,21
2026-06-02,6,Bhilai Steel Plant,limestone,18883.4,21
2026-06-02,6,Bhilai Steel Plant,thermal_coal,25967.4,21
2026-06-02,6,Bokaro Steel Plant,coking_coal,38925.3,21
2026-06-02,6,Bokaro Steel Plant,limestone,18879.7,21
2026-06-02,6,Bokaro Steel Plant,thermal_coal,27199.7,21
2026-06-02,6,Rourkela Steel Plant,coking_coal,38950.3,21
2026-06-02,6,Rourkela Steel Plant,limestone,19686.8,21
2026-06-02,6,Rourkela Steel Plant,thermal_coal,24454.1,21
2026-06-02,6,Durgapur Steel Plant,coking_coal,40708.7,21
2026-06-02,6,Durgapur Steel Plant,limestone,18667.6,21
2026-06-02,6,Durgapur Steel Plant,thermal_coal,25842.8,21
2026-06-09,6,Bhilai Steel Plant,coking_coal,40187.0,21
2026-06-09,6,Bhilai Steel Plant,limestone,15348.0,21
2026-06-09,6,Bhilai Steel Plant,thermal_coal,28063.2,21
2026-06-09,6,Bokaro Steel Plant,coking_coal,39267.2,21
2026-06-09,6,Bokaro Steel Plant,limestone,16659.1,21
2026-06-09,6,Bokaro Steel Plant,thermal_coal,28288.2,21
2026-06-09,6,Rourkela Steel Plant,coking_coal,38332.2,21
2026-06-09,6,Rourkela Steel Plant,limestone,15064.8,21
2026-06-09,6,Rourkela Steel Plant,thermal_coal,23598.1,21
2026-06-09,6,Durgapur Steel Plant,coking_coal,40690.8,21
2026-06-09,6,Durgapur Steel Plant,limestone,15295.2,21
2026-06-09,6,Durgapur Steel Plant,thermal_coal,29558.6,21
2026-06-16,6,Bhilai Steel Plant,coking_coal,35852.5,21
2026-06-16,6,Bhilai Steel Plant,limestone,20653.6,21
2026-06-16,6,Bhilai Steel Plant,thermal_coal,26779.8,21
2026-06-16,6,Bokaro Steel Plant,coking_coal,39425.9,21
2026-06-16,6,Bokaro Steel Plant,limestone,16619.1,21
2026-06-16,6,Bokaro Steel Plant,thermal_coal,27118.4,21
2026-06-16,6,Rourkela Steel Plant,coking_coal,39532.3,21
2026-06-16,6,Rourkela Steel Plant,limestone,19585.9,21
2026-06-16,6,Rourkela Steel Plant,thermal_coal,26605.6,21
2026-06-16,6,Durgapur Steel Plant,coking_coal,39870.5,21
2026-06-16,6,Durgapur Steel Plant,limestone,16945.5,21
2026-06-16,6,Durgapur Steel Plant,thermal_coal,26297.5,21
2026-06-23,6,Bhilai Steel Plant,coking_coal,40154.0,21
2026-06-23,6,Bhilai Steel Plant,limestone,14521.7,21
2026-06-23,6,Bhilai Steel Plant,thermal_coal,23973.3,21
2026-06-23,6,Bokaro Steel Plant,coking_coal,40937.9,21
2026-06-23,6,Bokaro Steel Plant,limestone,17907.6,21
2026-06-23,6,Bokaro Steel Plant,thermal_coal,26068.8,21
2026-06-23,6,Rourkela Steel Plant,coking_coal,39633.2,21
2026-06-23,6,Rourkela Steel Plant,limestone,18225.6,21
2026-06-23,6,Rourkela Steel Plant,thermal_coal,25428.4,21
2026-06-23,6,Durgapur Steel Plant,coking_coal,38199.1,21
2026-06-23,6,Durgapur Steel Plant,limestone,17952.5,21
2026-06-23,6,Durgapur Steel Plant,thermal_coal,24638.9,21
2026-06-30,6,Bhilai Steel Plant,coking_coal,40334.9,21
2026-06-30,6,Bhilai Steel Plant,limestone,14535.3,21
2026-06-30,6,Bhilai Steel Plant,thermal_coal,28252.5,21
2026-06-30,6,Bokaro Steel Plant,coking_coal,40450.7,21
2026-06-30,6,Bokaro Steel Plant,limestone,18060.9,21
2026-06-30,6,Bokaro Steel Plant,thermal_coal,28168.8,21
2026-06-30,6,Rourkela Steel Plant,coking_coal,42597.9,21
2026-06-30,6,Rourkela Steel Plant,limestone,19425.9,21
2026-06-30,6,Rourkela Steel Plant,thermal_coal,23086.4,21
2026-06-30,6,Durgapur Steel Plant,coking_coal,37296.8,21
2026-06-30,6,Durgapur Steel Plant,limestone,16475.3,21
2026-06-30,6,Durgapur Steel Plant,thermal_coal,26447.0,21
2026-07-07,7,Bhilai Steel Plant,coking_coal,40531.8,21
2026-07-07,7,Bhilai Steel Plant,limestone,16293.7,21
2026-07-07,7,Bhilai Steel Plant,thermal_coal,26736.2,21
2026-07-07,7,Bokaro Steel Plant,coking_coal,38240.3,21
2026-07-07,7,Bokaro Steel Plant,limestone,16499.3,21
2026-07-07,7,Bokaro Steel Plant,thermal_coal,23868.0,21
2026-07-07,7,Rourkela Steel Plant,coking_coal,37938.2,21
2026-07-07,7,Rourkela Steel Plant,limestone,15167.0,21
2026-07-07,7,Rourkela Steel Plant,thermal_coal,24643.4,21
2026-07-07,7,Durgapur Steel Plant,coking_coal,41496.6,21
2026-07-07,7,Durgapur Steel Plant,limestone,15891.1,21
2026-07-07,7,Durgapur Steel Plant,thermal_coal,31138.3,21
2026-07-14,7,Bhilai Steel Plant,coking_coal,40488.0,21
2026-07-14,7,Bhilai Steel Plant,limestone,17932.7,21
2026-07-14,7,Bhilai Steel Plant,thermal_coal,24855.0,21
2026-07-14,7,Bokaro Steel Plant,coking_coal,40860.6,21
2026-07-14,7,Bokaro Steel Plant,limestone,16563.9,21
2026-07-14,7,Bokaro Steel Plant,thermal_coal,26619.6,21
2026-07-14,7,Rourkela Steel Plant,coking_coal,44208.2,21
2026-07-14,7,Rourkela Steel Plant,limestone,17427.1,21
2026-07-14,7,Rourkela Steel Plant,thermal_coal,28468.7,21
2026-07-14,7,Durgapur Steel Plant,coking_coal,38334.3,21
2026-07-14,7,Durgapur Steel Plant,limestone,17537.0,21
2026-07-14,7,Durgapur Steel Plant,thermal_coal,29587.4,21
2026-07-21,7,Bhilai Steel Plant,coking_coal,38471.5,21
2026-07-21,7,Bhilai Steel Plant,limestone,20862.4,21
2026-07-21,7,Bhilai Steel Plant,thermal_coal,27674.0,21
2026-07-21,7,Bokaro Steel Plant,coking_coal,38587.6,21
2026-07-21,7,Bokaro Steel Plant,limestone,18738.3,21
2026-07-21,7,Bokaro Steel Plant,thermal_coal,28150.6,21
2026-07-21,7,Rourkela Steel Plant,coking_coal,40719.3,21
2026-07-21,7,Rourkela Steel Plant,limestone,14773.6,21
2026-07-21,7,Rourkela Steel Plant,thermal_coal,25091.2,21
2026-07-21,7,Durgapur Steel Plant,coking_coal,39154.5,21
2026-07-21,7,Durgapur Steel Plant,limestone,17466.0,21
2026-07-21,7,Durgapur Steel Plant,thermal_coal,27517.2,21
2026-07-28,7,Bhilai Steel Plant,coking_coal,39919.9,21
2026-07-28,7,Bhilai Steel Plant,limestone,15196.4,21
2026-07-28,7,Bhilai Steel Plant,thermal_coal,27084.4,21
2026-07-28,7,Bokaro Steel Plant,coking_coal,40699.1,21
2026-07-28,7,Bokaro Steel Plant,limestone,18607.6,21
2026-07-28,7,Bokaro Steel Plant,thermal_coal,28345.4,21
2026-07-28,7,Rourkela Steel Plant,coking_coal,41101.1,21
2026-07-28,7,Rourkela Steel Plant,limestone,18426.5,21
2026-07-28,7,Rourkela Steel Plant,thermal_coal,26273.7,21
2026-07-28,7,Durgapur Steel Plant,coking_coal,36610.3,21
2026-07-28,7,Durgapur Steel Plant,limestone,18373.3,21
2026-07-28,7,Durgapur Steel Plant,thermal_coal,26773.8,21
2026-08-04,8,Bhilai Steel Plant,coking_coal,40088.8,21
2026-08-04,8,Bhilai Steel Plant,limestone,15301.9,21
2026-08-04,8,Bhilai Steel Plant,thermal_coal,24454.1,21
2026-08-04,8,Bokaro Steel Plant,coking_coal,41495.7,21
2026-08-04,8,Bokaro Steel Plant,limestone,17528.8,21
2026-08-04,8,Bokaro Steel Plant,thermal_coal,27626.7,21
2026-08-04,8,Rourkela Steel Plant,coking_coal,39651.0,21
2026-08-04,8,Rourkela Steel Plant,limestone,17653.6,21
2026-08-04,8,Rourkela Steel Plant,thermal_coal,28088.9,21
2026-08-04,8,Durgapur Steel Plant,coking_coal,38671.1,21
2026-08-04,8,Durgapur Steel Plant,limestone,17773.0,21
2026-08-04,8,Durgapur Steel Plant,thermal_coal,25567.9,21
2026-08-11,8,Bhilai Steel Plant,coking_coal,38817.9,21
2026-08-11,8,Bhilai Steel Plant,limestone,17043.5,21
2026-08-11,8,Bhilai Steel Plant,thermal_coal,26799.8,21
2026-08-11,8,Bokaro Steel Plant,coking_coal,38738.3,21
2026-08-11,8,Bokaro Steel Plant,limestone,19860.4,21
2026-08-11,8,Bokaro Steel Plant,thermal_coal,24789.7,21
2026-08-11,8,Rourkela Steel Plant,coking_coal,39263.6,21
2026-08-11,8,Rourkela Steel Plant,limestone,16808.5,21
2026-08-11,8,Rourkela Steel Plant,thermal_coal,29004.6,21
2026-08-11,8,Durgapur Steel Plant,coking_coal,39953.8,21
2026-08-11,8,Durgapur Steel Plant,limestone,19457.3,21
2026-08-11,8,Durgapur Steel Plant,thermal_coal,23726.0,21
2026-08-18,8,Bhilai Steel Plant,coking_coal,40080.7,21
2026-08-18,8,Bhilai Steel Plant,limestone,19201.3,21
2026-08-18,8,Bhilai Steel Plant,thermal_coal,26548.1,21
2026-08-18,8,Bokaro Steel Plant,coking_coal,41517.9,21
2026-08-18,8,Bokaro Steel Plant,limestone,16668.9,21
2026-08-18,8,Bokaro Steel Plant,thermal_coal,28936.8,21
2026-08-18,8,Rourkela Steel Plant,coking_coal,43738.0,21
2026-08-18,8,Rourkela Steel Plant,limestone,16946.9,21
2026-08-18,8,Rourkela Steel Plant,thermal_coal,25598.1,21
2026-08-18,8,Durgapur Steel Plant,coking_coal,42216.1,21
2026-08-18,8,Durgapur Steel Plant,limestone,20443.2,21
2026-08-18,8,Durgapur Steel Plant,thermal_coal,25458.9,21
2026-08-25,8,Bhilai Steel Plant,coking_coal,38843.7,21
2026-08-25,8,Bhilai Steel Plant,limestone,17092.8,21
2026-08-25,8,Bhilai Steel Plant,thermal_coal,23980.0,21
2026-08-25,8,Bokaro Steel Plant,coking_coal,37946.4,21
2026-08-25,8,Bokaro Steel Plant,limestone,15792.5,21
2026-08-25,8,Bokaro Steel Plant,thermal_coal,25018.0,21
2026-08-25,8,Rourkela Steel Plant,coking_coal,39537.6,21
2026-08-25,8,Rourkela Steel Plant,limestone,18021.6,21
2026-08-25,8,Rourkela Steel Plant,thermal_coal,29190.9,21
2026-08-25,8,Durgapur Steel Plant,coking_coal,37803.0,21
2026-08-25,8,Durgapur Steel Plant,limestone,19371.8,21
2026-08-25,8,Durgapur Steel Plant,thermal_coal,26014.8,21
2026-09-01,9,Bhilai Steel Plant,coking_coal,44011.0,21
2026-09-01,9,Bhilai Steel Plant,limestone,20814.7,21
2026-09-01,9,Bhilai Steel Plant,thermal_coal,27379.1,21
2026-09-01,9,Bokaro Steel Plant,coking_coal,44788.3,21
2026-09-01,9,Bokaro Steel Plant,limestone,19899.6,21
2026-09-01,9,Bokaro Steel Plant,thermal_coal,30286.4,21
2026-09-01,9,Rourkela Steel Plant,coking_coal,44620.5,21
2026-09-01,9,Rourkela Steel Plant,limestone,24019.5,21
2026-09-01,9,Rourkela Steel Plant,thermal_coal,28252.1,21
2026-09-01,9,Durgapur Steel Plant,coking_coal,43144.2,21
2026-09-01,9,Durgapur Steel Plant,limestone,18478.3,21
2026-09-01,9,Durgapur Steel Plant,thermal_coal,28400.1,21
2026-09-08,9,Bhilai Steel Plant,coking_coal,42952.7,21
2026-09-08,9,Bhilai Steel Plant,limestone,21740.2,21
2026-09-08,9,Bhilai Steel Plant,thermal_coal,31956.9,21
2026-09-08,9,Bokaro Steel Plant,coking_coal,43072.7,21
2026-09-08,9,Bokaro Steel Plant,limestone,18101.8,21
2026-09-08,9,Bokaro Steel Plant,thermal_coal,30248.5,21
2026-09-08,9,Rourkela Steel Plant,coking_coal,43106.0,21
2026-09-08,9,Rourkela Steel Plant,limestone,20739.3,21
2026-09-08,9,Rourkela Steel Plant,thermal_coal,29765.3,21
2026-09-08,9,Durgapur Steel Plant,coking_coal,41371.7,21
2026-09-08,9,Durgapur Steel Plant,limestone,22385.5,21
2026-09-08,9,Durgapur Steel Plant,thermal_coal,32632.6,21
