Date,Month,Corridor,Wave_Height_m,Wind_Speed_knots,Sea_Pressure_hPa,Delay_Days,Storm_Risk
2025-04-29,4,Indonesia to East Coast India,0.99,17.5,1019.3,0.0,Clear
2025-04-29,4,Australia to East Coast India,0.7,8.6,1020.7,0.0,Clear
2025-04-30,4,Indonesia to East Coast India,1.28,15.1,1012.2,0.0,Clear
2025-04-30,4,Australia to East Coast India,0.74,11.0,1017.2,0.0,Clear
2025-05-01,5,Indonesia to East Coast India,1.06,10.9,1018.1,0.0,Clear
2025-05-01,5,Australia to East Coast India,0.98,12.6,1019.9,0.0,Clear
2025-05-02,5,Indonesia to East Coast India,0.76,13.1,1017.9,0.0,Clear
2025-05-02,5,Australia to East Coast India,0.72,8.7,1021.5,0.0,Clear
2025-05-03,5,Indonesia to East Coast India,1.76,16.1,1015.0,0.18,Clear
2025-05-03,5,Australia to East Coast India,1.07,9.2,1017.0,0.0,Clear
2025-05-04,5,Indonesia to East Coast India,0.54,17.1,1014.6,0.0,Clear
2025-05-04,5,Australia to East Coast India,1.18,13.5,1013.8,0.14,Clear
2025-05-05,5,Indonesia to East Coast India,1.76,15.8,1021.4,0.17,Clear
2025-05-05,5,Australia to East Coast India,1.7,8.9,1014.0,0.23,Clear
2025-05-06,5,Indonesia to East Coast India,0.56,11.3,1015.9,0.0,Clear
2025-05-06,5,Australia to East Coast India,0.96,10.8,1017.4,0.0,Clear
2025-05-07,5,Indonesia to East Coast India,0.68,16.0,1012.7,0.0,Clear
2025-05-07,5,Australia to East Coast India,1.45,15.7,1012.7,0.18,Clear
2025-05-08,5,Indonesia to East Coast India,0.97,9.2,1020.6,0.0,Clear
2025-05-08,5,Australia to East Coast India,0.58,11.1,1015.3,0.03,Clear
2025-05-09,5,Indonesia to East Coast India,1.45,14.4,1020.9,0.0,Clear
2025-05-09,5,Australia to East Coast India,1.43,15.6,1017.6,0.08,Clear
2025-05-10,5,Indonesia to East Coast India,1.5,12.9,1017.2,0.06,Clear
2025-05-10,5,Australia to East Coast India,0.64,8.3,1018.4,0.0,Clear
2025-05-11,5,Indonesia to East Coast India,0.91,13.1,1021.1,0.0,Clear
2025-05-11,5,Australia to East Coast India,1.48,10.3,1012.8,0.0,Clear
2025-05-12,5,Indonesia to East Coast India,0.88,9.6,1021.3,0.03,Clear
2025-05-12,5,Australia to East Coast India,1.63,16.0,1013.9,0.24,Clear
2025-05-13,5,Indonesia to East Coast India,1.66,13.4,1020.1,0.1,Clear
2025-05-13,5,Australia to East Coast India,0.64,10.3,1016.3,0.0,Clear
2025-05-14,5,Indonesia to East Coast India,1.56,16.6,1012.1,0.0,Clear
2025-05-14,5,Australia to East Coast India,0.79,9.2,1015.4,0.0,Clear
2025-05-15,5,Indonesia to East Coast India,1.73,11.2,1017.2,0.05,Clear
2025-05-15,5,Australia to East Coast India,1.76,17.6,1014.5,0.29,Clear
2025-05-16,5,Indonesia to East Coast India,1.15,11.0,1014.8,0.04,Clear
2025-05-16,5,Australia to East Coast India,1.15,8.5,1014.8,0.0,Clear
2025-05-17,5,Indonesia to East Coast India,1.68,10.4,1013.4,0.17,Clear
2025-05-17,5,Australia to East Coast India,0.81,14.7,1019.6,0.0,Clear
2025-05-18,5,Indonesia to East Coast India,0.81,15.3,1015.7,0.1,Clear
2025-05-18,5,Australia to East Coast India,1.2,8.9,1020.4,0.18,Clear
2025-05-19,5,Indonesia to East Coast India,0.92,9.9,1012.4,0.15,Clear
2025-05-19,5,Australia to East Coast India,0.52,13.1,1014.3,0.0,Clear
2025-05-20,5,Indonesia to East Coast India,1.34,9.7,1018.9,0.13,Clear
2025-05-20,5,Australia to East Coast India,0.68,11.4,1013.1,0.0,Clear
2025-05-21,5,Indonesia to East Coast India,1.7,16.8,1014.6,0.24,Clear
2025-05-21,5,Australia to East Coast India,1.22,13.3,1014.4,0.1,Clear
2025-05-22,5,Indonesia to East Coast India,0.62,17.0,1021.0,0.0,Clear
2025-05-22,5,Australia to East Coast India,0.95,15.3,1021.0,0.11,Clear
2025-05-23,5,Indonesia to East Coast India,1.65,15.8,1018.4,0.15,Clear
2025-05-23,5,Australia to East Coast India,0.51,9.0,1018.6,0.0,Clear
2025-05-24,5,Indonesia to East Coast India,0.51,9.6,1017.5,0.01,Clear
2025-05-24,5,Australia to East Coast India,0.79,15.1,1014.4,0.09,Clear
2025-05-25,5,Indonesia to East Coast India,0.92,15.5,1018.5,0.03,Clear
2025-05-25,5,Australia to East Coast India,1.24,8.9,1015.7,0.14,Clear
2025-05-26,5,Indonesia to East Coast India,0.84,10.4,1021.7,0.06,Clear
2025-05-26,5,Australia to East Coast India,1.32,15.9,1017.0,0.04,Clear
2025-05-27,5,Indonesia to East Coast India,1.25,12.9,1014.0,0.0,Clear
2025-05-27,5,Australia to East Coast India,0.53,14.5,1013.8,0.0,Clear
2025-05-28,5,Indonesia to East Coast India,1.72,17.5,1021.1,0.13,Clear
2025-05-28,5,Australia to East Coast India,1.76,17.6,1020.5,0.23,Clear
2025-05-29,5,Indonesia to East Coast India,0.88,11.9,1020.5,0.0,Clear
2025-05-29,5,Australia to East Coast India,1.22,17.4,1019.0,0.0,Clear
2025-05-30,5,Indonesia to East Coast India,1.24,9.0,1018.2,0.15,Clear
2025-05-30,5,Australia to East Coast India,1.46,15.0,1019.0,0.1,Clear
2025-05-31,5,Indonesia to East Coast India,0.97,10.9,1020.1,0.02,Clear
2025-05-31,5,Australia to East Coast India,1.69,13.1,1017.0,0.16,Clear
2025-06-01,6,Indonesia to East Coast India,4.34,36.9,1004.1,5.13,Monsoon_High
2025-06-01,6,Australia to East Coast India,3.28,30.6,996.2,4.38,Monsoon_High
2025-06-02,6,Indonesia to East Coast India,3.83,22.8,1001.1,3.82,Monsoon_High
2025-06-02,6,Australia to East Coast India,3.86,22.7,995.5,4.25,Monsoon_High
2025-06-03,6,Indonesia to East Coast India,4.39,30.3,996.7,5.08,Monsoon_High
2025-06-03,6,Australia to East Coast India,3.0,36.3,996.1,4.54,Monsoon_High
2025-06-04,6,Indonesia to East Coast India,2.62,34.2,1002.0,4.53,Monsoon_High
2025-06-04,6,Australia to East Coast India,4.74,33.9,999.2,5.26,Monsoon_High
2025-06-05,6,Indonesia to East Coast India,4.33,28.2,1000.7,4.49,Monsoon_High
2025-06-05,6,Australia to East Coast India,2.9,25.6,998.3,4.27,Monsoon_High
2025-06-06,6,Indonesia to East Coast India,3.76,38.4,1003.6,5.0,Monsoon_High
2025-06-06,6,Australia to East Coast India,3.91,31.7,998.2,4.98,Monsoon_High
2025-06-07,6,Indonesia to East Coast India,3.32,39.4,995.2,4.75,Monsoon_High
2025-06-07,6,Australia to East Coast India,2.73,33.3,1001.2,4.63,Monsoon_High
2025-06-08,6,Indonesia to East Coast India,2.9,32.0,1000.2,4.57,Monsoon_High
2025-06-08,6,Australia to East Coast India,2.6,30.6,1003.1,4.34,Monsoon_High
2025-06-09,6,Indonesia to East Coast India,3.66,41.7,1003.6,5.01,Monsoon_High
2025-06-09,6,Australia to East Coast India,3.85,43.6,1002.5,5.23,Monsoon_High
2025-06-10,6,Indonesia to East Coast India,3.39,36.8,1001.0,4.83,Monsoon_High
2025-06-10,6,Australia to East Coast India,3.39,44.1,1006.8,5.07,Monsoon_High
2025-06-11,6,Indonesia to East Coast India,2.95,23.6,996.3,3.76,Monsoon_High
2025-06-11,6,Australia to East Coast India,3.23,41.4,995.3,4.91,Monsoon_High
2025-06-12,6,Indonesia to East Coast India,4.37,28.5,996.5,4.86,Monsoon_High
2025-06-12,6,Australia to East Coast India,4.52,38.9,1005.4,5.54,Monsoon_High
2025-06-13,6,Indonesia to East Coast India,3.15,26.1,1004.8,3.71,Monsoon_High
2025-06-13,6,Australia to East Coast India,4.29,29.8,1007.1,4.46,Monsoon_High
2025-06-14,6,Indonesia to East Coast India,4.47,31.9,1004.8,4.8,Monsoon_High
2025-06-14,6,Australia to East Coast India,4.58,33.6,1005.7,5.06,Monsoon_High
2025-06-15,6,Indonesia to East Coast India,3.24,42.6,1000.1,4.87,Monsoon_High
2025-06-15,6,Australia to East Coast India,4.69,43.9,1002.5,5.44,Monsoon_High
2025-06-16,6,Indonesia to East Coast India,3.95,32.3,998.8,4.94,Monsoon_High
2025-06-16,6,Australia to East Coast India,4.23,40.2,1005.3,4.96,Monsoon_High
2025-06-17,6,Indonesia to East Coast India,2.71,33.4,995.7,3.83,Monsoon_High
2025-06-17,6,Australia to East Coast India,4.54,30.1,996.5,5.17,Monsoon_High
2025-06-18,6,Indonesia to East Coast India,2.83,39.5,1003.0,4.52,Monsoon_High
2025-06-18,6,Australia to East Coast India,4.39,38.2,996.1,5.21,Monsoon_High
2025-06-19,6,Indonesia to East Coast India,2.7,44.7,999.9,5.04,Monsoon_High
2025-06-19,6,Australia to East Coast India,4.68,44.7,1004.8,5.51,Monsoon_High
2025-06-20,6,Indonesia to East Coast India,3.37,23.9,1005.1,3.63,Monsoon_High
2025-06-20,6,Australia to East Coast India,4.58,24.6,1001.4,4.88,Monsoon_High
2025-06-21,6,Indonesia to East Coast India,2.53,32.8,995.7,4.4,Monsoon_High
2025-06-21,6,Australia to East Coast India,3.84,44.1,999.9,5.4,Monsoon_High
2025-06-22,6,Indonesia to East Coast India,3.16,42.0,997.9,4.88,Monsoon_High
2025-06-22,6,Australia to East Coast India,4.78,23.7,1002.2,4.8,Monsoon_High
2025-06-23,6,Indonesia to East Coast India,4.73,34.0,1003.2,5.01,Monsoon_High
2025-06-23,6,Australia to East Coast India,3.94,35.4,1006.7,5.22,Monsoon_High
2025-06-24,6,Indonesia to East Coast India,2.6,28.5,1007.4,3.94,Monsoon_High
2025-06-24,6,Australia to East Coast India,3.93,28.4,997.4,4.68,Monsoon_High
2025-06-25,6,Indonesia to East Coast India,3.57,30.1,1002.6,4.05,Monsoon_High
2025-06-25,6,Australia to East Coast India,4.37,37.7,997.1,5.21,Monsoon_High
2025-06-26,6,Indonesia to East Coast India,4.6,40.9,1007.3,5.53,Monsoon_High
2025-06-26,6,Australia to East Coast India,3.46,43.5,1006.3,5.35,Monsoon_High
2025-06-27,6,Indonesia to East Coast India,2.6,22.6,999.9,3.73,Monsoon_High
2025-06-27,6,Australia to East Coast India,3.38,44.3,1005.9,4.85,Monsoon_High
2025-06-28,6,Indonesia to East Coast India,4.43,32.8,1000.4,4.89,Monsoon_High
2025-06-28,6,Australia to East Coast India,4.49,40.7,1008.0,5.32,Monsoon_High
2025-06-29,6,Indonesia to East Coast India,4.79,34.8,1005.0,5.09,Monsoon_High
2025-06-29,6,Australia to East Coast India,2.8,43.9,1002.9,4.5,Monsoon_High
2025-06-30,6,Indonesia to East Coast India,3.03,37.4,1003.0,4.42,Monsoon_High
2025-06-30,6,Australia to East Coast India,4.04,34.0,1005.0,4.76,Monsoon_High
2025-07-01,7,Indonesia to East Coast India,3.7,41.6,1002.2,5.26,Monsoon_High
2025-07-01,7,Australia to East Coast India,3.43,25.1,995.4,4.16,Monsoon_High
2025-07-02,7,Indonesia to East Coast India,4.24,36.3,1004.2,4.92,Monsoon_High
2025-07-02,7,Australia to East Coast India,2.53,30.1,1002.7,3.95,Monsoon_High
2025-07-03,7,Indonesia to East Coast India,3.4,32.1,1006.8,4.5,Monsoon_High
2025-07-03,7,Australia to East Coast India,4.3,31.1,1003.1,4.34,Monsoon_High
2025-07-04,7,Indonesia to East Coast India,4.48,43.8,996.9,5.48,Monsoon_High
2025-07-04,7,Australia to East Coast India,3.09,32.6,1007.7,4.52,Monsoon_High
2025-07-05,7,Indonesia to East Coast India,3.63,29.6,1003.2,4.41,Monsoon_High
2025-07-05,7,Australia to East Coast India,2.8,24.9,997.0,3.85,Monsoon_High
2025-07-06,7,Indonesia to East Coast India,2.82,36.7,997.4,4.61,Monsoon_High
2025-07-06,7,Australia to East Coast India,3.59,37.4,997.2,4.75,Monsoon_High
2025-07-07,7,Indonesia to East Coast India,2.94,22.9,997.2,3.66,Monsoon_High
2025-07-07,7,Australia to East Coast India,2.7,24.8,1001.0,3.71,Monsoon_High
2025-07-08,7,Indonesia to East Coast India,2.97,30.4,1001.5,4.19,Monsoon_High
2025-07-08,7,Australia to East Coast India,4.34,36.4,996.1,5.07,Monsoon_High
2025-07-09,7,Indonesia to East Coast India,4.51,43.2,995.8,5.63,Monsoon_High
2025-07-09,7,Australia to East Coast India,4.22,26.2,997.7,4.38,Monsoon_High
2025-07-10,7,Indonesia to East Coast India,3.35,33.1,1003.0,4.37,Monsoon_High
2025-07-10,7,Australia to East Coast India,4.22,22.8,998.3,3.89,Monsoon_High
2025-07-11,7,Indonesia to East Coast India,4.14,42.6,1001.7,5.09,Monsoon_High
2025-07-11,7,Australia to East Coast India,3.53,34.3,998.2,4.64,Monsoon_High
2025-07-12,7,Indonesia to East Coast India,3.12,30.7,995.3,4.07,Monsoon_High
2025-07-12,7,Australia to East Coast India,3.25,24.8,1006.6,3.91,Monsoon_High
2025-07-13,7,Indonesia to East Coast India,3.87,37.6,1005.3,4.75,Monsoon_High
2025-07-13,7,Australia to East Coast India,3.74,35.5,1004.7,4.77,Monsoon_High
2025-07-14,7,Indonesia to East Coast India,3.49,24.9,998.7,4.42,Monsoon_High
2025-07-14,7,Australia to East Coast India,3.81,30.2,1007.8,4.27,Monsoon_High
2025-07-15,7,Indonesia to East Coast India,3.89,27.5,996.3,4.34,Monsoon_High
2025-07-15,7,Australia to East Coast India,2.87,26.3,998.7,3.84,Monsoon_High
2025-07-16,7,Indonesia to East Coast India,2.9,42.6,996.0,4.29,Monsoon_High
2025-07-16,7,Australia to East Coast India,4.76,24.6,1000.2,4.77,Monsoon_High
2025-07-17,7,Indonesia to East Coast India,4.73,41.9,1005.6,5.34,Monsoon_High
2025-07-17,7,Australia to East Coast India,4.04,43.4,1002.2,5.18,Monsoon_High
2025-07-18,7,Indonesia to East Coast India,3.81,28.4,1005.0,4.33,Monsoon_High
2025-07-18,7,Australia to East Coast India,3.48,33.7,998.2,4.37,Monsoon_High
2025-07-19,7,Indonesia to East Coast India,2.76,36.0,998.8,4.18,Monsoon_High
2025-07-19,7,Australia to East Coast India,3.61,34.2,995.7,4.71,Monsoon_High
2025-07-20,7,Indonesia to East Coast India,3.27,25.1,995.8,3.94,Monsoon_High
2025-07-20,7,Australia to East Coast India,4.07,39.5,1002.7,5.25,Monsoon_High
2025-07-21,7,Indonesia to East Coast India,3.58,31.5,999.5,4.54,Monsoon_High
2025-07-21,7,Australia to East Coast India,2.92,23.5,1004.6,3.86,Monsoon_High
2025-07-22,7,Indonesia to East Coast India,3.82,41.4,996.8,4.98,Monsoon_High
2025-07-22,7,Australia to East Coast India,2.88,25.8,1005.6,4.06,Monsoon_High
2025-07-23,7,Indonesia to East Coast India,4.03,34.0,999.7,4.76,Monsoon_High
2025-07-23,7,Australia to East Coast India,4.38,32.1,999.9,5.05,Monsoon_High
2025-07-24,7,Indonesia to East Coast India,3.56,28.9,1004.7,4.06,Monsoon_High
2025-07-24,7,Australia to East Coast India,4.57,30.8,1002.1,4.87,Monsoon_High
2025-07-25,7,Indonesia to East Coast India,4.58,36.4,996.5,5.18,Monsoon_High
2025-07-25,7,Australia to East Coast India,3.27,25.2,1005.3,4.18,Monsoon_High
2025-07-26,7,Indonesia to East Coast India,3.93,34.3,1006.6,4.69,Monsoon_High
2025-07-26,7,Australia to East Coast India,3.22,27.7,1004.7,4.25,Monsoon_High
2025-07-27,7,Indonesia to East Coast India,2.58,35.1,1004.9,4.22,Monsoon_High
2025-07-27,7,Australia to East Coast India,4.39,24.5,1006.0,4.65,Monsoon_High
2025-07-28,7,Indonesia to East Coast India,2.79,31.1,1005.4,4.09,Monsoon_High
2025-07-28,7,Australia to East Coast India,4.16,38.6,1003.3,4.98,Monsoon_High
2025-07-29,7,Indonesia to East Coast India,4.1,34.5,998.3,4.65,Monsoon_High
2025-07-29,7,Australia to East Coast India,4.59,35.4,1000.2,5.0,Monsoon_High
2025-07-30,7,Indonesia to East Coast India,3.56,43.8,997.0,5.15,Monsoon_High
2025-07-30,7,Australia to East Coast India,3.91,22.4,1006.3,4.71,Monsoon_High
2025-07-31,7,Indonesia to East Coast India,4.64,35.0,1004.1,5.15,Monsoon_High
2025-07-31,7,Australia to East Coast India,2.85,35.3,1002.9,4.49,Monsoon_High
2025-08-01,8,Indonesia to East Coast India,3.48,38.9,1007.1,4.82,Monsoon_High
2025-08-01,8,Australia to East Coast India,2.76,44.7,1005.9,4.99,Monsoon_High
2025-08-02,8,Indonesia to East Coast India,2.79,43.2,1006.3,5.28,Monsoon_High
2025-08-02,8,Australia to East Coast India,3.42,23.3,999.4,4.13,Monsoon_High
2025-08-03,8,Indonesia to East Coast India,4.35,22.1,999.3,4.51,Monsoon_High
2025-08-03,8,Australia to East Coast India,4.62,30.0,999.5,4.38,Monsoon_High
2025-08-04,8,Indonesia to East Coast India,4.2,32.4,997.9,4.57,Monsoon_High
2025-08-04,8,Australia to East Coast India,2.91,33.5,1000.4,4.31,Monsoon_High
2025-08-05,8,Indonesia to East Coast India,4.6,30.3,1002.5,4.65,Monsoon_High
2025-08-05,8,Australia to East Coast India,4.71,25.4,1000.4,4.76,Monsoon_High
2025-08-06,8,Indonesia to East Coast India,2.7,44.9,1001.5,4.69,Monsoon_High
2025-08-06,8,Australia to East Coast India,4.22,26.8,1006.7,4.56,Monsoon_High
2025-08-07,8,Indonesia to East Coast India,2.97,26.4,995.5,4.52,Monsoon_High
2025-08-07,8,Australia to East Coast India,2.65,39.8,1000.9,4.33,Monsoon_High
2025-08-08,8,Indonesia to East Coast India,3.71,32.1,1000.2,4.35,Monsoon_High
2025-08-08,8,Australia to East Coast India,2.92,41.8,1007.3,4.8,Monsoon_High
2025-08-09,8,Indonesia to East Coast India,3.36,28.2,1003.4,4.18,Monsoon_High
2025-08-09,8,Australia to East Coast India,2.86,38.5,1003.6,4.55,Monsoon_High
2025-08-10,8,Indonesia to East Coast India,2.56,27.1,998.0,3.9,Monsoon_High
2025-08-10,8,Australia to East Coast India,2.91,37.0,998.1,4.49,Monsoon_High
2025-08-11,8,Indonesia to East Coast India,2.73,27.6,1004.4,4.02,Monsoon_High
2025-08-11,8,Australia to East Coast India,3.41,37.4,997.7,4.78,Monsoon_High
2025-08-12,8,Indonesia to East Coast India,3.17,42.6,995.2,4.57,Monsoon_High
2025-08-12,8,Australia to East Coast India,4.55,40.8,999.4,5.71,Monsoon_High
2025-08-13,8,Indonesia to East Coast India,3.1,30.7,1002.7,4.43,Monsoon_High
2025-08-13,8,Australia to East Coast India,3.44,34.7,1000.7,4.33,Monsoon_High
2025-08-14,8,Indonesia to East Coast India,3.18,43.8,1004.9,5.16,Monsoon_High
2025-08-14,8,Australia to East Coast India,4.34,31.8,995.3,4.82,Monsoon_High
2025-08-15,8,Indonesia to East Coast India,3.12,34.5,1003.2,4.35,Monsoon_High
2025-08-15,8,Australia to East Coast India,4.42,44.6,1001.8,5.42,Monsoon_High
2025-08-16,8,Indonesia to East Coast India,2.89,28.3,995.2,3.75,Monsoon_High
2025-08-16,8,Australia to East Coast India,3.77,37.0,1005.8,4.97,Monsoon_High
2025-08-17,8,Indonesia to East Coast India,2.97,22.3,996.8,4.13,Monsoon_High
2025-08-17,8,Australia to East Coast India,4.03,26.0,1006.9,4.73,Monsoon_High
2025-08-18,8,Indonesia to East Coast India,3.46,30.8,1001.7,4.36,Monsoon_High
2025-08-18,8,Australia to East Coast India,3.89,27.6,1000.1,4.48,Monsoon_High
2025-08-19,8,Indonesia to East Coast India,3.16,30.2,1004.3,4.39,Monsoon_High
2025-08-19,8,Australia to East Coast India,3.59,37.3,1007.2,4.45,Monsoon_High
2025-08-20,8,Indonesia to East Coast India,4.18,26.9,995.4,4.64,Monsoon_High
2025-08-20,8,Australia to East Coast India,2.62,33.4,1002.8,3.91,Monsoon_High
2025-08-21,8,Indonesia to East Coast India,3.27,39.7,996.4,4.83,Monsoon_High
2025-08-21,8,Australia to East Coast India,3.64,37.8,1000.7,4.78,Monsoon_High
2025-08-22,8,Indonesia to East Coast India,3.07,40.8,1005.4,4.55,Monsoon_High
2025-08-22,8,Australia to East Coast India,3.86,30.3,996.2,4.74,Monsoon_High
2025-08-23,8,Indonesia to East Coast India,4.61,25.1,1007.4,4.34,Monsoon_High
2025-08-23,8,Australia to East Coast India,3.75,42.1,1004.5,5.06,Monsoon_High
2025-08-24,8,Indonesia to East Coast India,4.36,37.2,1004.0,5.01,Monsoon_High
2025-08-24,8,Australia to East Coast India,3.63,27.1,1007.8,4.43,Monsoon_High
2025-08-25,8,Indonesia to East Coast India,4.67,22.9,1004.2,4.68,Monsoon_High
2025-08-25,8,Australia to East Coast India,2.58,38.0,998.9,4.46,Monsoon_High
2025-08-26,8,Indonesia to East Coast India,4.63,44.3,1007.3,5.79,Monsoon_High
2025-08-26,8,Australia to East Coast India,4.44,29.3,1005.8,4.73,Monsoon_High
2025-08-27,8,Indonesia to East Coast India,2.59,35.7,998.0,4.11,Monsoon_High
2025-08-27,8,Australia to East Coast India,4.17,23.5,999.1,4.6,Monsoon_High
2025-08-28,8,Indonesia to East Coast India,3.74,40.2,999.1,5.18,Monsoon_High
2025-08-28,8,Australia to East Coast India,3.92,27.4,995.3,4.49,Monsoon_High
2025-08-29,8,Indonesia to East Coast India,4.5,22.5,1006.4,4.57,Monsoon_High
2025-08-29,8,Australia to East Coast India,4.34,45.0,999.6,5.49,Monsoon_High
2025-08-30,8,Indonesia to East Coast India,4.26,31.2,1001.2,4.95,Monsoon_High
2025-08-30,8,Australia to East Coast India,4.76,39.7,1000.4,5.45,Monsoon_High
2025-08-31,8,Indonesia to East Coast India,3.47,39.0,998.1,4.78,Monsoon_High
2025-08-31,8,Australia to East Coast India,3.16,28.8,998.0,4.04,Monsoon_High
2025-09-01,9,Indonesia to East Coast India,2.6,22.4,1007.8,3.27,Monsoon_High
2025-09-01,9,Australia to East Coast India,4.06,27.0,1007.3,4.23,Monsoon_High
2025-09-02,9,Indonesia to East Coast India,4.31,24.1,1000.4,4.89,Monsoon_High
2025-09-02,9,Australia to East Coast India,2.88,44.8,998.0,4.76,Monsoon_High
2025-09-03,9,Indonesia to East Coast India,4.67,36.9,1002.9,4.9,Monsoon_High
2025-09-03,9,Australia to East Coast India,2.91,27.1,997.4,4.03,Monsoon_High
2025-09-04,9,Indonesia to East Coast India,4.29,30.1,995.8,4.65,Monsoon_High
2025-09-04,9,Australia to East Coast India,4.24,38.0,997.0,4.86,Monsoon_High
2025-09-05,9,Indonesia to East Coast India,4.38,27.2,997.9,5.08,Monsoon_High
2025-09-05,9,Australia to East Coast India,3.83,24.1,1006.4,4.43,Monsoon_High
2025-09-06,9,Indonesia to East Coast India,3.11,25.0,1006.6,4.1,Monsoon_High
2025-09-06,9,Australia to East Coast India,3.77,24.0,1000.3,4.42,Monsoon_High
2025-09-07,9,Indonesia to East Coast India,3.36,28.0,1004.4,4.07,Monsoon_High
2025-09-07,9,Australia to East Coast India,3.01,37.7,996.0,4.59,Monsoon_High
2025-09-08,9,Indonesia to East Coast India,4.46,33.4,1001.2,5.19,Monsoon_High
2025-09-08,9,Australia to East Coast India,3.3,37.6,1002.4,4.77,Monsoon_High
2025-09-09,9,Indonesia to East Coast India,3.11,42.2,1005.4,5.04,Monsoon_High
2025-09-09,9,Australia to East Coast India,4.49,38.3,1005.9,5.3,Monsoon_High
2025-09-10,9,Indonesia to East Coast India,4.1,37.6,1003.0,4.89,Monsoon_High
2025-09-10,9,Australia to East Coast India,4.53,42.1,995.4,5.51,Monsoon_High
2025-09-11,9,Indonesia to East Coast India,4.4,25.0,999.4,4.37,Monsoon_High
2025-09-11,9,Australia to East Coast India,4.38,41.1,1001.6,5.41,Monsoon_High
2025-09-12,9,Indonesia to East Coast India,2.51,28.6,1003.0,3.94,Monsoon_High
2025-09-12,9,Australia to East Coast India,3.1,36.6,1002.0,4.59,Monsoon_High
2025-09-13,9,Indonesia to East Coast India,4.29,24.5,1004.9,4.55,Monsoon_High
2025-09-13,9,Australia to East Coast India,3.29,36.6,1007.1,4.65,Monsoon_High
2025-09-14,9,Indonesia to East Coast India,2.74,43.6,1003.9,4.73,Monsoon_High
2025-09-14,9,Australia to East Coast India,4.13,23.5,1002.6,4.25,Monsoon_High
2025-09-15,9,Indonesia to East Coast India,3.3,36.3,995.6,4.71,Monsoon_High
2025-09-15,9,Australia to East Coast India,2.56,22.5,999.2,3.54,Monsoon_High
2025-09-16,9,Indonesia to East Coast India,3.62,39.7,1003.9,4.6,Monsoon_High
2025-09-16,9,Australia to East Coast India,4.79,31.8,1000.9,4.93,Monsoon_High
2025-09-17,9,Indonesia to East Coast India,2.88,40.3,1004.0,4.89,Monsoon_High
2025-09-17,9,Australia to East Coast India,3.13,43.9,997.0,5.21,Monsoon_High
2025-09-18,9,Indonesia to East Coast India,3.49,43.7,1000.5,4.84,Monsoon_High
2025-09-18,9,Australia to East Coast India,3.13,44.6,1000.3,5.32,Monsoon_High
2025-09-19,9,Indonesia to East Coast India,4.56,27.3,997.8,4.7,Monsoon_High
2025-09-19,9,Australia to East Coast India,3.35,41.9,1001.2,4.89,Monsoon_High
2025-09-20,9,Indonesia to East Coast India,4.73,26.3,1006.3,4.85,Monsoon_High
2025-09-20,9,Australia to East Coast India,4.44,39.5,1003.1,5.4,Monsoon_High
2025-09-21,9,Indonesia to East Coast India,2.8,22.7,1007.0,4.01,Monsoon_High
2025-09-21,9,Australia to East Coast India,3.61,24.7,996.6,4.28,Monsoon_High
2025-09-22,9,Indonesia to East Coast India,4.08,31.9,997.6,4.58,Monsoon_High
2025-09-22,9,Australia to East Coast India,3.84,28.2,1005.4,4.44,Monsoon_High
2025-09-23,9,Indonesia to East Coast India,3.21,32.5,995.2,4.37,Monsoon_High
2025-09-23,9,Australia to East Coast India,3.6,35.8,998.8,4.59,Monsoon_High
2025-09-24,9,Indonesia to East Coast India,4.1,41.8,1005.1,5.22,Monsoon_High
2025-09-24,9,Australia to East Coast India,2.74,27.6,1007.8,3.86,Monsoon_High
2025-09-25,9,Indonesia to East Coast India,2.83,33.5,1003.0,4.41,Monsoon_High
2025-09-25,9,Australia to East Coast India,2.52,29.5,1001.7,4.34,Monsoon_High
2025-09-26,9,Indonesia to East Coast India,2.7,30.1,995.4,4.05,Monsoon_High
2025-09-26,9,Australia to East Coast India,2.81,35.1,1004.0,4.23,Monsoon_High
2025-09-27,9,Indonesia to East Coast India,4.34,26.6,997.2,4.62,Monsoon_High
2025-09-27,9,Australia to East Coast India,4.12,22.7,1007.2,4.13,Monsoon_High
2025-09-28,9,Indonesia to East Coast India,2.62,34.4,1004.2,4.35,Monsoon_High
2025-09-28,9,Australia to East Coast India,4.34,29.8,1005.6,4.86,Monsoon_High
2025-09-29,9,Indonesia to East Coast India,2.68,42.6,1002.1,4.66,Monsoon_High
2025-09-29,9,Australia to East Coast India,3.98,34.1,1004.5,5.06,Monsoon_High
2025-09-30,9,Indonesia to East Coast India,2.69,23.4,998.2,3.54,Monsoon_High
2025-09-30,9,Australia to East Coast India,4.32,37.2,1001.5,4.98,Monsoon_High
2025-10-01,10,Indonesia to East Coast India,3.22,33.8,1001.2,3.25,Cyclone_Warning
2025-10-01,10,Australia to East Coast India,3.5,19.6,998.4,3.12,Cyclone_Warning
2025-10-02,10,Indonesia to East Coast India,2.57,28.2,1010.2,3.21,Cyclone_Warning
2025-10-02,10,Australia to East Coast India,2.94,25.6,1003.2,3.23,Cyclone_Warning
2025-10-03,10,Indonesia to East Coast India,4.17,18.9,1010.1,2.9,Cyclone_Warning
2025-10-03,10,Australia to East Coast India,3.6,28.7,1010.2,3.81,Cyclone_Warning
2025-10-04,10,Indonesia to East Coast India,3.98,27.3,1001.9,3.64,Cyclone_Warning
2025-10-04,10,Australia to East Coast India,2.46,31.7,1006.8,3.17,Cyclone_Warning
2025-10-05,10,Indonesia to East Coast India,3.61,20.9,1008.0,3.17,Cyclone_Warning
2025-10-05,10,Australia to East Coast India,3.08,23.4,1010.2,2.96,Cyclone_Warning
2025-10-06,10,Indonesia to East Coast India,2.98,29.3,1003.0,2.98,Cyclone_Warning
2025-10-06,10,Australia to East Coast India,2.86,39.3,1001.6,3.64,Cyclone_Warning
2025-10-07,10,Indonesia to East Coast India,3.44,25.2,1008.8,2.9,Cyclone_Warning
2025-10-07,10,Australia to East Coast India,2.16,21.7,1005.3,2.57,Cyclone_Warning
2025-10-08,10,Indonesia to East Coast India,2.74,36.2,1004.0,3.54,Cyclone_Warning
2025-10-08,10,Australia to East Coast India,3.55,21.7,1000.3,2.83,Cyclone_Warning
2025-10-09,10,Indonesia to East Coast India,2.08,34.2,1007.3,3.34,Cyclone_Warning
2025-10-09,10,Australia to East Coast India,3.77,30.9,1010.2,3.54,Cyclone_Warning
2025-10-10,10,Indonesia to East Coast India,2.45,20.5,1001.8,2.69,Cyclone_Warning
2025-10-10,10,Australia to East Coast India,4.06,18.9,999.7,3.04,Cyclone_Warning
2025-10-11,10,Indonesia to East Coast India,2.99,38.5,1002.4,3.47,Cyclone_Warning
2025-10-11,10,Australia to East Coast India,2.33,39.7,1011.5,3.4,Cyclone_Warning
2025-10-12,10,Indonesia to East Coast India,2.01,38.9,1006.9,3.23,Cyclone_Warning
2025-10-12,10,Australia to East Coast India,3.13,28.8,1007.3,3.46,Cyclone_Warning
2025-10-13,10,Indonesia to East Coast India,2.31,18.7,1002.3,2.37,Cyclone_Warning
2025-10-13,10,Australia to East Coast India,3.48,39.3,999.3,3.92,Cyclone_Warning
2025-10-14,10,Indonesia to East Coast India,3.48,27.8,1010.2,3.44,Cyclone_Warning
2025-10-14,10,Australia to East Coast India,3.84,38.8,1007.6,3.71,Cyclone_Warning
2025-10-15,10,Indonesia to East Coast India,3.09,31.6,1010.2,3.26,Cyclone_Warning
2025-10-15,10,Australia to East Coast India,4.05,33.2,1007.5,3.76,Cyclone_Warning
2025-10-16,10,Indonesia to East Coast India,2.47,32.5,1003.5,3.01,Cyclone_Warning
2025-10-16,10,Australia to East Coast India,3.45,40.0,998.7,3.87,Cyclone_Warning
2025-10-17,10,Indonesia to East Coast India,4.15,27.0,1010.2,3.6,Cyclone_Warning
2025-10-17,10,Australia to East Coast India,3.62,37.3,1003.7,4.05,Cyclone_Warning
2025-10-18,10,Indonesia to East Coast India,2.72,32.7,1009.3,3.4,Cyclone_Warning
2025-10-18,10,Australia to East Coast India,2.96,36.0,999.7,3.6,Cyclone_Warning
2025-10-19,10,Indonesia to East Coast India,3.2,18.1,1002.5,2.59,Cyclone_Warning
2025-10-19,10,Australia to East Coast India,3.53,26.5,1004.3,2.97,Cyclone_Warning
2025-10-20,10,Indonesia to East Coast India,2.52,26.2,1001.2,2.97,Cyclone_Warning
2025-10-20,10,Australia to East Coast India,3.47,31.6,1004.5,3.34,Cyclone_Warning
2025-10-21,10,Indonesia to East Coast India,2.84,37.0,1005.3,3.38,Cyclone_Warning
2025-10-21,10,Australia to East Coast India,2.75,26.4,1003.6,3.01,Cyclone_Warning
2025-10-22,10,Indonesia to East Coast India,3.28,29.7,1006.5,3.47,Cyclone_Warning
2025-10-22,10,Australia to East Coast India,3.58,39.0,998.3,3.93,Cyclone_Warning
2025-10-23,10,Indonesia to East Coast India,2.43,18.2,1007.1,2.53,Cyclone_Warning
2025-10-23,10,Australia to East Coast India,4.04,19.3,1011.1,3.27,Cyclone_Warning
2025-10-24,10,Indonesia to East Coast India,2.77,20.2,1004.8,2.61,Cyclone_Warning
2025-10-24,10,Australia to East Coast India,2.68,35.7,1005.5,3.17,Cyclone_Warning
2025-10-25,10,Indonesia to East Coast India,2.68,31.4,1008.0,3.08,Cyclone_Warning
2025-10-25,10,Australia to East Coast India,2.27,22.0,1007.5,2.36,Cyclone_Warning
2025-10-26,10,Indonesia to East Coast India,2.4,29.6,1007.9,3.05,Cyclone_Warning
2025-10-26,10,Australia to East Coast India,2.56,39.2,1004.8,3.28,Cyclone_Warning
2025-10-27,10,Indonesia to East Coast India,3.77,30.1,998.6,3.62,Cyclone_Warning
2025-10-27,10,Australia to East Coast India,3.32,36.0,1010.4,3.63,Cyclone_Warning
2025-10-28,10,Indonesia to East Coast India,2.5,22.7,1006.6,3.01,Cyclone_Warning
2025-10-28,10,Australia to East Coast India,3.98,25.8,1001.3,3.36,Cyclone_Warning
2025-10-29,10,Indonesia to East Coast India,3.72,24.0,1009.5,3.63,Cyclone_Warning
2025-10-29,10,Australia to East Coast India,2.21,31.7,1004.3,2.88,Cyclone_Warning
2025-10-30,10,Indonesia to East Coast India,3.29,21.7,1008.3,2.95,Cyclone_Warning
2025-10-30,10,Australia to East Coast India,2.21,18.5,1007.0,2.61,Cyclone_Warning
2025-10-31,10,Indonesia to East Coast India,3.34,30.0,1001.2,3.66,Cyclone_Warning
2025-10-31,10,Australia to East Coast India,3.09,39.7,999.9,3.33,Cyclone_Warning
2025-11-01,11,Indonesia to East Coast India,3.53,26.9,1004.0,3.51,Cyclone_Warning
2025-11-01,11,Australia to East Coast India,4.18,20.8,999.5,3.52,Cyclone_Warning
2025-11-02,11,Indonesia to East Coast India,3.59,30.7,1001.8,3.27,Cyclone_Warning
2025-11-02,11,Australia to East Coast India,2.78,19.5,1005.3,2.61,Cyclone_Warning
2025-11-03,11,Indonesia to East Coast India,2.15,35.6,1001.3,3.38,Cyclone_Warning
2025-11-03,11,Australia to East Coast India,3.43,29.7,1002.5,3.41,Cyclone_Warning
2025-11-04,11,Indonesia to East Coast India,2.73,32.7,1011.9,3.4,Cyclone_Warning
2025-11-04,11,Australia to East Coast India,3.61,28.2,998.8,3.78,Cyclone_Warning
2025-11-05,11,Indonesia to East Coast India,3.24,39.1,1000.5,3.5,Cyclone_Warning
2025-11-05,11,Australia to East Coast India,3.18,20.1,1004.3,3.04,Cyclone_Warning
2025-11-06,11,Indonesia to East Coast India,3.66,25.6,1007.3,3.2,Cyclone_Warning
2025-11-06,11,Australia to East Coast India,2.34,39.8,1011.0,3.13,Cyclone_Warning
2025-11-07,11,Indonesia to East Coast India,3.19,36.5,1005.3,3.43,Cyclone_Warning
2025-11-07,11,Australia to East Coast India,3.66,20.8,1009.6,3.16,Cyclone_Warning
2025-11-08,11,Indonesia to East Coast India,3.72,33.6,998.5,3.43,Cyclone_Warning
2025-11-08,11,Australia to East Coast India,2.79,19.9,1011.1,2.6,Cyclone_Warning
2025-11-09,11,Indonesia to East Coast India,3.22,24.7,1003.6,3.55,Cyclone_Warning
2025-11-09,11,Australia to East Coast India,3.13,38.2,1005.0,3.4,Cyclone_Warning
2025-11-10,11,Indonesia to East Coast India,4.18,36.7,1000.9,3.85,Cyclone_Warning
2025-11-10,11,Australia to East Coast India,3.93,37.1,1009.3,4.09,Cyclone_Warning
2025-11-11,11,Indonesia to East Coast India,3.74,24.7,999.1,3.06,Cyclone_Warning
2025-11-11,11,Australia to East Coast India,3.53,25.6,1011.7,3.19,Cyclone_Warning
2025-11-12,11,Indonesia to East Coast India,3.41,36.1,999.9,4.13,Cyclone_Warning
2025-11-12,11,Australia to East Coast India,3.68,21.8,1005.0,3.1,Cyclone_Warning
2025-11-13,11,Indonesia to East Coast India,2.88,21.2,1003.1,2.96,Cyclone_Warning
2025-11-13,11,Australia to East Coast India,2.95,24.9,1005.1,3.04,Cyclone_Warning
2025-11-14,11,Indonesia to East Coast India,2.97,20.3,1007.0,2.96,Cyclone_Warning
2025-11-14,11,Australia to East Coast India,3.43,21.3,998.9,2.8,Cyclone_Warning
2025-11-15,11,Indonesia to East Coast India,3.72,28.1,998.8,3.31,Cyclone_Warning
2025-11-15,11,Australia to East Coast India,2.27,24.7,999.4,2.7,Cyclone_Warning
2025-11-16,11,Indonesia to East Coast India,3.52,19.4,1005.1,2.7,Cyclone_Warning
2025-11-16,11,Australia to East Coast India,3.37,29.6,1004.0,3.55,Cyclone_Warning
2025-11-17,11,Indonesia to East Coast India,2.29,37.5,1004.3,3.2,Cyclone_Warning
2025-11-17,11,Australia to East Coast India,2.91,36.2,1008.3,3.23,Cyclone_Warning
2025-11-18,11,Indonesia to East Coast India,3.69,18.2,1003.8,2.94,Cyclone_Warning
2025-11-18,11,Australia to East Coast India,2.57,34.7,999.9,3.29,Cyclone_Warning
2025-11-19,11,Indonesia to East Coast India,3.18,22.7,998.2,2.82,Cyclone_Warning
2025-11-19,11,Australia to East Coast India,3.21,28.0,1009.8,3.24,Cyclone_Warning
2025-11-20,11,Indonesia to East Coast India,2.22,28.7,1000.1,3.16,Cyclone_Warning
2025-11-20,11,Australia to East Coast India,3.05,26.3,1003.5,2.94,Cyclone_Warning
2025-11-21,11,Indonesia to East Coast India,3.01,35.3,1010.5,3.69,Cyclone_Warning
2025-11-21,11,Australia to East Coast India,2.96,23.6,1009.8,2.76,Cyclone_Warning
2025-11-22,11,Indonesia to East Coast India,2.08,37.8,1004.5,3.53,Cyclone_Warning
2025-11-22,11,Australia to East Coast India,3.97,32.0,1006.6,3.91,Cyclone_Warning
2025-11-23,11,Indonesia to East Coast India,2.15,29.4,1000.1,2.95,Cyclone_Warning
2025-11-23,11,Australia to East Coast India,3.5,18.9,999.2,3.32,Cyclone_Warning
2025-11-24,11,Indonesia to East Coast India,3.58,19.6,999.0,2.87,Cyclone_Warning
2025-11-24,11,Australia to East Coast India,2.65,25.7,1008.8,3.22,Cyclone_Warning
2025-11-25,11,Indonesia to East Coast India,3.46,22.1,1000.4,3.15,Cyclone_Warning
2025-11-25,11,Australia to East Coast India,3.68,23.8,998.3,3.1,Cyclone_Warning
2025-11-26,11,Indonesia to East Coast India,2.18,39.3,1002.1,3.46,Cyclone_Warning
2025-11-26,11,Australia to East Coast India,2.84,22.5,999.7,3.16,Cyclone_Warning
2025-11-27,11,Indonesia to East Coast India,3.35,35.0,1007.0,3.46,Cyclone_Warning
2025-11-27,11,Australia to East Coast India,4.13,35.6,1002.1,3.88,Cyclone_Warning
2025-11-28,11,Indonesia to East Coast India,4.16,31.2,1006.2,3.85,Cyclone_Warning
2025-11-28,11,Australia to East Coast India,3.44,20.8,1002.7,3.16,Cyclone_Warning
2025-11-29,11,Indonesia to East Coast India,4.04,22.9,1003.2,2.98,Cyclone_Warning
2025-11-29,11,Australia to East Coast India,3.35,38.7,1001.4,3.33,Cyclone_Warning
2025-11-30,11,Indonesia to East Coast India,2.27,22.3,1010.4,2.42,Cyclone_Warning
2025-11-30,11,Australia to East Coast India,3.8,37.0,1009.9,3.99,Cyclone_Warning
2025-12-01,12,Indonesia to East Coast India,4.02,23.5,1008.6,3.59,Cyclone_Warning
2025-12-01,12,Australia to East Coast India,3.6,35.1,1007.2,3.64,Cyclone_Warning
2025-12-02,12,Indonesia to East Coast India,2.39,30.0,1011.8,3.02,Cyclone_Warning
2025-12-02,12,Australia to East Coast India,3.6,36.0,1001.0,3.68,Cyclone_Warning
2025-12-03,12,Indonesia to East Coast India,3.11,36.5,1008.3,4.01,Cyclone_Warning
2025-12-03,12,Australia to East Coast India,3.12,24.5,1005.9,3.29,Cyclone_Warning
2025-12-04,12,Indonesia to East Coast India,3.52,37.2,1006.9,3.59,Cyclone_Warning
2025-12-04,12,Australia to East Coast India,3.02,18.2,1001.5,2.88,Cyclone_Warning
2025-12-05,12,Indonesia to East Coast India,3.6,39.8,999.4,4.11,Cyclone_Warning
2025-12-05,12,Australia to East Coast India,2.45,30.2,1008.3,2.98,Cyclone_Warning
2025-12-06,12,Indonesia to East Coast India,3.36,22.1,1003.0,3.12,Cyclone_Warning
2025-12-06,12,Australia to East Coast India,2.01,34.7,998.5,3.38,Cyclone_Warning
2025-12-07,12,Indonesia to East Coast India,3.64,22.5,1011.4,2.88,Cyclone_Warning
2025-12-07,12,Australia to East Coast India,2.33,24.7,1010.3,2.58,Cyclone_Warning
2025-12-08,12,Indonesia to East Coast India,4.19,26.1,1004.3,3.63,Cyclone_Warning
2025-12-08,12,Australia to East Coast India,3.3,26.6,1003.8,3.29,Cyclone_Warning
2025-12-09,12,Indonesia to East Coast India,3.53,18.1,1006.7,3.19,Cyclone_Warning
2025-12-09,12,Australia to East Coast India,2.2,30.9,1004.7,2.89,Cyclone_Warning
2025-12-10,12,Indonesia to East Coast India,3.41,19.4,1006.1,3.34,Cyclone_Warning
2025-12-10,12,Australia to East Coast India,3.33,32.9,1009.3,3.86,Cyclone_Warning
2025-12-11,12,Indonesia to East Coast India,2.59,36.2,1005.0,3.58,Cyclone_Warning
2025-12-11,12,Australia to East Coast India,3.56,35.3,1005.2,3.53,Cyclone_Warning
2025-12-12,12,Indonesia to East Coast India,2.97,21.2,1002.6,2.72,Cyclone_Warning
2025-12-12,12,Australia to East Coast India,2.49,31.2,1008.3,3.09,Cyclone_Warning
2025-12-13,12,Indonesia to East Coast India,4.2,38.5,1007.0,4.38,Cyclone_Warning
2025-12-13,12,Australia to East Coast India,3.73,20.6,1003.7,2.91,Cyclone_Warning
2025-12-14,12,Indonesia to East Coast India,3.85,26.4,1006.0,3.15,Cyclone_Warning
2025-12-14,12,Australia to East Coast India,2.8,25.4,998.4,3.06,Cyclone_Warning
2025-12-15,12,Indonesia to East Coast India,2.05,36.3,1001.8,2.79,Cyclone_Warning
2025-12-15,12,Australia to East Coast India,4.07,23.7,1004.0,3.41,Cyclone_Warning
2025-12-16,12,Indonesia to East Coast India,3.92,36.5,1000.6,3.79,Cyclone_Warning
2025-12-16,12,Australia to East Coast India,3.06,20.9,999.1,3.19,Cyclone_Warning
2025-12-17,12,Indonesia to East Coast India,3.6,28.9,1004.1,3.6,Cyclone_Warning
2025-12-17,12,Australia to East Coast India,2.35,31.4,999.9,3.23,Cyclone_Warning
2025-12-18,12,Indonesia to East Coast India,3.65,32.5,1011.4,3.38,Cyclone_Warning
2025-12-18,12,Australia to East Coast India,2.54,37.9,1001.5,3.23,Cyclone_Warning
2025-12-19,12,Indonesia to East Coast India,2.6,34.7,1004.3,3.19,Cyclone_Warning
2025-12-19,12,Australia to East Coast India,2.14,37.9,999.9,3.26,Cyclone_Warning
2025-12-20,12,Indonesia to East Coast India,3.17,27.0,1002.9,3.24,Cyclone_Warning
2025-12-20,12,Australia to East Coast India,3.23,38.6,998.7,3.69,Cyclone_Warning
2025-12-21,12,Indonesia to East Coast India,2.92,23.7,1008.2,2.75,Cyclone_Warning
2025-12-21,12,Australia to East Coast India,3.24,28.2,1011.6,3.38,Cyclone_Warning
2025-12-22,12,Indonesia to East Coast India,3.34,25.7,999.6,3.11,Cyclone_Warning
2025-12-22,12,Australia to East Coast India,2.55,36.7,1005.9,3.25,Cyclone_Warning
2025-12-23,12,Indonesia to East Coast India,3.15,20.5,1010.0,2.86,Cyclone_Warning
2025-12-23,12,Australia to East Coast India,3.56,30.0,999.1,3.47,Cyclone_Warning
2025-12-24,12,Indonesia to East Coast India,3.01,28.7,1000.3,3.11,Cyclone_Warning
2025-12-24,12,Australia to East Coast India,2.91,32.3,1005.6,3.71,Cyclone_Warning
2025-12-25,12,Indonesia to East Coast India,2.14,29.3,1009.3,2.79,Cyclone_Warning
2025-12-25,12,Australia to East Coast India,3.73,22.4,1001.6,3.19,Cyclone_Warning
2025-12-26,12,Indonesia to East Coast India,2.36,25.3,1008.6,2.55,Cyclone_Warning
2025-12-26,12,Australia to East Coast India,3.93,37.4,1010.2,3.89,Cyclone_Warning
2025-12-27,12,Indonesia to East Coast India,2.53,27.9,1011.8,2.99,Cyclone_Warning
2025-12-27,12,Australia to East Coast India,4.0,29.9,1005.0,3.45,Cyclone_Warning
2025-12-28,12,Indonesia to East Coast India,2.23,32.4,1009.5,3.34,Cyclone_Warning
2025-12-28,12,Australia to East Coast India,4.12,22.5,1005.3,3.23,Cyclone_Warning
2025-12-29,12,Indonesia to East Coast India,2.63,35.4,1006.1,3.58,Cyclone_Warning
2025-12-29,12,Australia to East Coast India,2.87,38.1,1005.5,3.64,Cyclone_Warning
2025-12-30,12,Indonesia to East Coast India,2.35,33.3,1009.1,3.32,Cyclone_Warning
2025-12-30,12,Australia to East Coast India,3.99,24.1,1011.8,3.28,Cyclone_Warning
2025-12-31,12,Indonesia to East Coast India,2.31,22.4,1000.6,2.77,Cyclone_Warning
2025-12-31,12,Australia to East Coast India,2.33,27.7,1006.6,3.08,Cyclone_Warning
2026-01-01,1,Indonesia to East Coast India,0.61,16.8,1020.0,0.0,Clear
2026-01-01,1,Australia to East Coast India,1.04,17.8,1018.7,0.01,Clear
2026-01-02,1,Indonesia to East Coast India,1.33,9.7,1020.8,0.0,Clear
2026-01-02,1,Australia to East Coast India,0.52,13.6,1017.3,0.0,Clear
2026-01-03,1,Indonesia to East Coast India,1.44,16.9,1012.8,0.01,Clear
2026-01-03,1,Australia to East Coast India,1.62,16.2,1017.4,0.18,Clear
2026-01-04,1,Indonesia to East Coast India,1.42,11.1,1016.7,0.07,Clear
2026-01-04,1,Australia to East Coast India,0.97,12.9,1020.3,0.12,Clear
2026-01-05,1,Indonesia to East Coast India,0.94,9.7,1019.1,0.0,Clear
2026-01-05,1,Australia to East Coast India,0.95,12.5,1019.5,0.0,Clear
2026-01-06,1,Indonesia to East Coast India,1.35,14.2,1015.5,0.06,Clear
2026-01-06,1,Australia to East Coast India,1.77,14.3,1013.3,0.28,Clear
2026-01-07,1,Indonesia to East Coast India,1.38,11.3,1018.9,0.04,Clear
2026-01-07,1,Australia to East Coast India,1.59,10.8,1018.4,0.17,Clear
2026-01-08,1,Indonesia to East Coast India,1.4,13.1,1015.1,0.18,Clear
2026-01-08,1,Australia to East Coast India,1.72,16.7,1019.7,0.01,Clear
2026-01-09,1,Indonesia to East Coast India,1.52,14.6,1014.6,0.13,Clear
2026-01-09,1,Australia to East Coast India,1.23,9.1,1016.5,0.11,Clear
2026-01-10,1,Indonesia to East Coast India,1.1,16.6,1017.5,0.04,Clear
2026-01-10,1,Australia to East Coast India,0.64,12.2,1012.4,0.0,Clear
2026-01-11,1,Indonesia to East Coast India,1.46,17.2,1014.8,0.05,Clear
2026-01-11,1,Australia to East Coast India,1.68,15.5,1020.0,0.21,Clear
2026-01-12,1,Indonesia to East Coast India,0.52,17.6,1019.3,0.0,Clear
2026-01-12,1,Australia to East Coast India,0.87,16.7,1013.1,0.0,Clear
2026-01-13,1,Indonesia to East Coast India,1.41,13.4,1013.0,0.0,Clear
2026-01-13,1,Australia to East Coast India,1.28,11.0,1015.0,0.03,Clear
2026-01-14,1,Indonesia to East Coast India,1.47,8.5,1021.0,0.14,Clear
2026-01-14,1,Australia to East Coast India,1.27,16.9,1013.9,0.14,Clear
2026-01-15,1,Indonesia to East Coast India,0.6,10.4,1019.9,0.0,Clear
2026-01-15,1,Australia to East Coast India,1.79,16.6,1017.2,0.11,Clear
2026-01-16,1,Indonesia to East Coast India,0.58,16.3,1018.0,0.0,Clear
2026-01-16,1,Australia to East Coast India,1.58,16.8,1017.7,0.18,Clear
2026-01-17,1,Indonesia to East Coast India,1.17,12.3,1015.2,0.18,Clear
2026-01-17,1,Australia to East Coast India,1.28,16.9,1016.4,0.02,Clear
2026-01-18,1,Indonesia to East Coast India,1.29,14.3,1017.9,0.0,Clear
2026-01-18,1,Australia to East Coast India,1.17,9.0,1015.8,0.11,Clear
2026-01-19,1,Indonesia to East Coast India,1.13,14.5,1021.5,0.17,Clear
2026-01-19,1,Australia to East Coast India,1.16,14.3,1012.7,0.09,Clear
2026-01-20,1,Indonesia to East Coast India,0.83,11.6,1016.7,0.0,Clear
2026-01-20,1,Australia to East Coast India,0.75,14.1,1014.8,0.0,Clear
2026-01-21,1,Indonesia to East Coast India,0.77,13.2,1012.1,0.06,Clear
2026-01-21,1,Australia to East Coast India,1.24,13.1,1014.9,0.0,Clear
2026-01-22,1,Indonesia to East Coast India,1.71,12.0,1012.9,0.05,Clear
2026-01-22,1,Australia to East Coast India,0.95,13.1,1020.7,0.02,Clear
2026-01-23,1,Indonesia to East Coast India,1.14,15.0,1021.9,0.0,Clear
2026-01-23,1,Australia to East Coast India,1.01,12.2,1016.1,0.0,Clear
2026-01-24,1,Indonesia to East Coast India,1.68,15.1,1018.1,0.23,Clear
2026-01-24,1,Australia to East Coast India,1.74,16.2,1012.0,0.09,Clear
2026-01-25,1,Indonesia to East Coast India,1.33,8.5,1014.6,0.08,Clear
2026-01-25,1,Australia to East Coast India,1.39,9.1,1015.8,0.02,Clear
2026-01-26,1,Indonesia to East Coast India,1.09,11.7,1013.2,0.17,Clear
2026-01-26,1,Australia to East Coast India,0.59,8.8,1015.5,0.0,Clear
2026-01-27,1,Indonesia to East Coast India,1.72,14.7,1018.8,0.26,Clear
2026-01-27,1,Australia to East Coast India,0.51,14.4,1021.1,0.0,Clear
2026-01-28,1,Indonesia to East Coast India,1.3,16.7,1019.2,0.07,Clear
2026-01-28,1,Australia to East Coast India,0.68,8.1,1016.2,0.0,Clear
2026-01-29,1,Indonesia to East Coast India,0.88,12.9,1017.8,0.0,Clear
2026-01-29,1,Australia to East Coast India,1.45,14.5,1020.5,0.16,Clear
2026-01-30,1,Indonesia to East Coast India,1.4,12.3,1018.7,0.0,Clear
2026-01-30,1,Australia to East Coast India,1.53,12.5,1020.0,0.0,Clear
2026-01-31,1,Indonesia to East Coast India,1.57,16.6,1021.2,0.0,Clear
2026-01-31,1,Australia to East Coast India,1.26,11.7,1018.0,0.0,Clear
2026-02-01,2,Indonesia to East Coast India,1.42,14.9,1015.7,0.06,Clear
2026-02-01,2,Australia to East Coast India,0.69,16.9,1015.5,0.0,Clear
2026-02-02,2,Indonesia to East Coast India,0.7,8.3,1018.5,0.0,Clear
2026-02-02,2,Australia to East Coast India,0.59,12.1,1015.1,0.04,Clear
2026-02-03,2,Indonesia to East Coast India,1.38,14.1,1015.6,0.27,Clear
2026-02-03,2,Australia to East Coast India,0.68,12.9,1012.3,0.0,Clear
2026-02-04,2,Indonesia to East Coast India,1.16,17.6,1015.8,0.0,Clear
2026-02-04,2,Australia to East Coast India,0.53,15.6,1016.6,0.0,Clear
2026-02-05,2,Indonesia to East Coast India,0.88,17.0,1013.2,0.0,Clear
2026-02-05,2,Australia to East Coast India,1.65,14.0,1020.3,0.15,Clear
2026-02-06,2,Indonesia to East Coast India,1.78,10.9,1021.6,0.0,Clear
2026-02-06,2,Australia to East Coast India,0.94,13.4,1013.5,0.0,Clear
2026-02-07,2,Indonesia to East Coast India,1.22,13.4,1019.6,0.02,Clear
2026-02-07,2,Australia to East Coast India,0.89,10.6,1013.9,0.1,Clear
2026-02-08,2,Indonesia to East Coast India,0.57,11.4,1014.7,0.0,Clear
2026-02-08,2,Australia to East Coast India,0.95,13.8,1013.4,0.04,Clear
2026-02-09,2,Indonesia to East Coast India,1.08,14.3,1016.9,0.04,Clear
2026-02-09,2,Australia to East Coast India,1.24,14.2,1014.0,0.14,Clear
2026-02-10,2,Indonesia to East Coast India,1.01,8.4,1016.8,0.0,Clear
2026-02-10,2,Australia to East Coast India,1.75,17.1,1019.2,0.17,Clear
2026-02-11,2,Indonesia to East Coast India,1.19,16.7,1013.3,0.0,Clear
2026-02-11,2,Australia to East Coast India,1.53,10.8,1020.8,0.13,Clear
2026-02-12,2,Indonesia to East Coast India,1.73,9.5,1016.6,0.14,Clear
2026-02-12,2,Australia to East Coast India,1.62,13.9,1015.8,0.16,Clear
2026-02-13,2,Indonesia to East Coast India,0.87,10.0,1019.6,0.0,Clear
2026-02-13,2,Australia to East Coast India,1.14,13.8,1020.7,0.0,Clear
2026-02-14,2,Indonesia to East Coast India,1.77,12.1,1020.3,0.2,Clear
2026-02-14,2,Australia to East Coast India,1.74,10.0,1013.1,0.3,Clear
2026-02-15,2,Indonesia to East Coast India,1.61,12.4,1020.5,0.11,Clear
2026-02-15,2,Australia to East Coast India,1.16,14.3,1021.3,0.13,Clear
2026-02-16,2,Indonesia to East Coast India,0.52,12.8,1018.9,0.0,Clear
2026-02-16,2,Australia to East Coast India,0.67,11.0,1015.6,0.05,Clear
2026-02-17,2,Indonesia to East Coast India,1.55,10.8,1014.1,0.06,Clear
2026-02-17,2,Australia to East Coast India,0.52,15.4,1020.3,0.0,Clear
2026-02-18,2,Indonesia to East Coast India,1.46,9.4,1019.5,0.16,Clear
2026-02-18,2,Australia to East Coast India,1.5,16.5,1018.1,0.22,Clear
2026-02-19,2,Indonesia to East Coast India,0.62,12.9,1012.8,0.0,Clear
2026-02-19,2,Australia to East Coast India,0.59,11.5,1013.1,0.0,Clear
2026-02-20,2,Indonesia to East Coast India,1.55,17.5,1012.7,0.11,Clear
2026-02-20,2,Australia to East Coast India,0.89,8.8,1017.0,0.04,Clear
2026-02-21,2,Indonesia to East Coast India,1.53,15.1,1012.5,0.09,Clear
2026-02-21,2,Australia to East Coast India,0.88,10.3,1014.8,0.0,Clear
2026-02-22,2,Indonesia to East Coast India,1.54,17.3,1016.1,0.08,Clear
2026-02-22,2,Australia to East Coast India,1.12,10.3,1018.4,0.09,Clear
2026-02-23,2,Indonesia to East Coast India,1.77,14.0,1015.6,0.07,Clear
2026-02-23,2,Australia to East Coast India,1.66,13.0,1016.5,0.16,Clear
2026-02-24,2,Indonesia to East Coast India,1.26,14.2,1012.7,0.0,Clear
2026-02-24,2,Australia to East Coast India,1.43,16.2,1020.0,0.16,Clear
2026-02-25,2,Indonesia to East Coast India,1.22,13.2,1013.4,0.0,Clear
2026-02-25,2,Australia to East Coast India,1.15,10.8,1013.3,0.12,Clear
2026-02-26,2,Indonesia to East Coast India,1.32,8.5,1019.5,0.0,Clear
2026-02-26,2,Australia to East Coast India,0.86,15.1,1012.6,0.0,Clear
2026-02-27,2,Indonesia to East Coast India,1.59,8.0,1014.5,0.03,Clear
2026-02-27,2,Australia to East Coast India,0.63,11.6,1014.7,0.04,Clear
2026-02-28,2,Indonesia to East Coast India,1.6,11.1,1019.9,0.1,Clear
2026-02-28,2,Australia to East Coast India,1.68,11.8,1021.6,0.23,Clear
2026-03-01,3,Indonesia to East Coast India,0.62,14.9,1016.9,0.08,Clear
2026-03-01,3,Australia to East Coast India,1.42,8.0,1013.7,0.0,Clear
2026-03-02,3,Indonesia to East Coast India,1.43,14.7,1021.7,0.0,Clear
2026-03-02,3,Australia to East Coast India,0.64,15.8,1018.4,0.03,Clear
2026-03-03,3,Indonesia to East Coast India,0.56,11.6,1021.6,0.0,Clear
2026-03-03,3,Australia to East Coast India,1.1,10.1,1015.7,0.02,Clear
2026-03-04,3,Indonesia to East Coast India,0.98,8.5,1019.7,0.12,Clear
2026-03-04,3,Australia to East Coast India,1.61,10.1,1018.6,0.09,Clear
2026-03-05,3,Indonesia to East Coast India,1.11,16.8,1014.2,0.12,Clear
2026-03-05,3,Australia to East Coast India,0.88,9.4,1018.5,0.14,Clear
2026-03-06,3,Indonesia to East Coast India,1.46,11.2,1018.4,0.25,Clear
2026-03-06,3,Australia to East Coast India,0.76,16.9,1014.9,0.0,Clear
2026-03-07,3,Indonesia to East Coast India,0.98,8.6,1013.1,0.0,Clear
2026-03-07,3,Australia to East Coast India,1.59,8.1,1015.8,0.13,Clear
2026-03-08,3,Indonesia to East Coast India,0.94,8.2,1013.2,0.0,Clear
2026-03-08,3,Australia to East Coast India,1.03,13.3,1018.0,0.0,Clear
2026-03-09,3,Indonesia to East Coast India,0.51,12.6,1021.6,0.1,Clear
2026-03-09,3,Australia to East Coast India,0.91,15.7,1019.7,0.0,Clear
2026-03-10,3,Indonesia to East Coast India,1.18,17.8,1013.3,0.01,Clear
2026-03-10,3,Australia to East Coast India,0.85,8.2,1014.9,0.0,Clear
2026-03-11,3,Indonesia to East Coast India,1.51,13.2,1015.5,0.2,Clear
2026-03-11,3,Australia to East Coast India,1.77,16.5,1012.2,0.02,Clear
2026-03-12,3,Indonesia to East Coast India,1.67,15.8,1019.8,0.0,Clear
2026-03-12,3,Australia to East Coast India,0.89,8.7,1014.3,0.0,Clear
2026-03-13,3,Indonesia to East Coast India,0.82,12.8,1019.5,0.0,Clear
2026-03-13,3,Australia to East Coast India,1.75,17.4,1019.9,0.14,Clear
2026-03-14,3,Indonesia to East Coast India,1.79,13.4,1021.6,0.14,Clear
2026-03-14,3,Australia to East Coast India,0.79,10.0,1013.4,0.0,Clear
2026-03-15,3,Indonesia to East Coast India,1.31,15.8,1017.8,0.09,Clear
2026-03-15,3,Australia to East Coast India,1.33,11.9,1018.7,0.03,Clear
2026-03-16,3,Indonesia to East Coast India,0.84,11.5,1021.2,0.0,Clear
2026-03-16,3,Australia to East Coast India,1.66,15.1,1012.6,0.0,Clear
2026-03-17,3,Indonesia to East Coast India,0.69,8.1,1018.3,0.0,Clear
2026-03-17,3,Australia to East Coast India,1.75,13.3,1014.4,0.13,Clear
2026-03-18,3,Indonesia to East Coast India,1.15,14.8,1012.8,0.11,Clear
2026-03-18,3,Australia to East Coast India,1.1,13.5,1016.3,0.0,Clear
2026-03-19,3,Indonesia to East Coast India,0.56,9.7,1016.5,0.0,Clear
2026-03-19,3,Australia to East Coast India,0.81,17.6,1014.0,0.0,Clear
2026-03-20,3,Indonesia to East Coast India,1.74,17.9,1019.1,0.15,Clear
2026-03-20,3,Australia to East Coast India,0.84,12.4,1017.9,0.0,Clear
2026-03-21,3,Indonesia to East Coast India,0.6,14.2,1021.8,0.0,Clear
2026-03-21,3,Australia to East Coast India,1.68,17.4,1021.6,0.08,Clear
2026-03-22,3,Indonesia to East Coast India,1.18,17.8,1019.6,0.03,Clear
2026-03-22,3,Australia to East Coast India,1.43,10.5,1018.4,0.0,Clear
2026-03-23,3,Indonesia to East Coast India,1.37,9.6,1017.7,0.07,Clear
2026-03-23,3,Australia to East Coast India,0.52,8.1,1015.6,0.06,Clear
2026-03-24,3,Indonesia to East Coast India,1.7,10.3,1018.3,0.07,Clear
2026-03-24,3,Australia to East Coast India,1.6,15.3,1013.0,0.01,Clear
2026-03-25,3,Indonesia to East Coast India,1.06,8.3,1016.8,0.0,Clear
2026-03-25,3,Australia to East Coast India,0.88,12.0,1021.2,0.01,Clear
2026-03-26,3,Indonesia to East Coast India,1.79,8.4,1019.6,0.02,Clear
2026-03-26,3,Australia to East Coast India,1.48,17.2,1021.5,0.0,Clear
2026-03-27,3,Indonesia to East Coast India,1.25,11.6,1019.9,0.09,Clear
2026-03-27,3,Australia to East Coast India,0.97,14.6,1014.4,0.0,Clear
2026-03-28,3,Indonesia to East Coast India,0.75,17.2,1013.0,0.0,Clear
2026-03-28,3,Australia to East Coast India,0.55,8.4,1013.8,0.0,Clear
2026-03-29,3,Indonesia to East Coast India,1.63,10.8,1021.5,0.0,Clear
2026-03-29,3,Australia to East Coast India,1.25,13.2,1019.6,0.25,Clear
2026-03-30,3,Indonesia to East Coast India,0.87,11.5,1020.9,0.11,Clear
2026-03-30,3,Australia to East Coast India,1.12,13.0,1014.0,0.0,Clear
2026-03-31,3,Indonesia to East Coast India,1.27,9.9,1015.3,0.02,Clear
2026-03-31,3,Australia to East Coast India,0.59,8.7,1021.4,0.0,Clear
2026-04-01,4,Indonesia to East Coast India,1.16,12.1,1020.1,0.0,Clear
2026-04-01,4,Australia to East Coast India,1.4,15.7,1018.5,0.18,Clear
2026-04-02,4,Indonesia to East Coast India,0.7,16.8,1017.4,0.0,Clear
2026-04-02,4,Australia to East Coast India,0.55,9.3,1019.7,0.0,Clear
2026-04-03,4,Indonesia to East Coast India,0.5,12.2,1017.2,0.0,Clear
2026-04-03,4,Australia to East Coast India,0.9,10.3,1012.0,0.0,Clear
2026-04-04,4,Indonesia to East Coast India,1.45,17.7,1014.2,0.21,Clear
2026-04-04,4,Australia to East Coast India,1.6,12.2,1015.0,0.2,Clear
2026-04-05,4,Indonesia to East Coast India,0.92,15.1,1020.2,0.0,Clear
2026-04-05,4,Australia to East Coast India,1.67,16.1,1021.8,0.02,Clear
2026-04-06,4,Indonesia to East Coast India,1.48,11.9,1017.9,0.04,Clear
2026-04-06,4,Australia to East Coast India,1.21,15.1,1013.7,0.06,Clear
2026-04-07,4,Indonesia to East Coast India,1.51,13.8,1021.5,0.0,Clear
2026-04-07,4,Australia to East Coast India,1.43,15.6,1013.0,0.17,Clear
2026-04-08,4,Indonesia to East Coast India,1.17,13.1,1015.7,0.14,Clear
2026-04-08,4,Australia to East Coast India,1.1,17.2,1018.9,0.12,Clear
2026-04-09,4,Indonesia to East Coast India,1.45,16.6,1014.7,0.04,Clear
2026-04-09,4,Australia to East Coast India,0.95,11.4,1021.8,0.04,Clear
2026-04-10,4,Indonesia to East Coast India,1.61,15.0,1019.3,0.19,Clear
2026-04-10,4,Australia to East Coast India,1.15,11.8,1013.6,0.04,Clear
2026-04-11,4,Indonesia to East Coast India,1.52,15.3,1015.8,0.1,Clear
2026-04-11,4,Australia to East Coast India,0.81,15.0,1020.2,0.01,Clear
2026-04-12,4,Indonesia to East Coast India,1.21,17.7,1012.5,0.22,Clear
2026-04-12,4,Australia to East Coast India,1.62,9.8,1020.0,0.13,Clear
2026-04-13,4,Indonesia to East Coast India,1.22,12.0,1013.3,0.0,Clear
2026-04-13,4,Australia to East Coast India,1.63,14.7,1020.0,0.03,Clear
2026-04-14,4,Indonesia to East Coast India,0.83,14.2,1017.7,0.0,Clear
2026-04-14,4,Australia to East Coast India,0.87,11.1,1015.5,0.0,Clear
2026-04-15,4,Indonesia to East Coast India,1.31,11.3,1019.3,0.0,Clear
2026-04-15,4,Australia to East Coast India,1.52,10.9,1016.3,0.09,Clear
2026-04-16,4,Indonesia to East Coast India,1.39,11.3,1012.6,0.13,Clear
2026-04-16,4,Australia to East Coast India,1.33,14.7,1018.3,0.05,Clear
2026-04-17,4,Indonesia to East Coast India,0.76,12.2,1019.5,0.0,Clear
2026-04-17,4,Australia to East Coast India,0.86,12.3,1021.8,0.0,Clear
2026-04-18,4,Indonesia to East Coast India,0.59,13.2,1013.8,0.07,Clear
2026-04-18,4,Australia to East Coast India,1.42,12.2,1015.5,0.02,Clear
2026-04-19,4,Indonesia to East Coast India,1.02,10.6,1014.1,0.0,Clear
2026-04-19,4,Australia to East Coast India,0.87,14.6,1021.7,0.0,Clear
2026-04-20,4,Indonesia to East Coast India,1.28,8.8,1012.8,0.05,Clear
2026-04-20,4,Australia to East Coast India,0.62,14.0,1018.2,0.0,Clear
2026-04-21,4,Indonesia to East Coast India,1.34,10.7,1012.2,0.19,Clear
2026-04-21,4,Australia to East Coast India,1.29,11.1,1014.7,0.16,Clear
2026-04-22,4,Indonesia to East Coast India,1.28,16.7,1021.5,0.03,Clear
2026-04-22,4,Australia to East Coast India,1.26,15.0,1018.8,0.08,Clear
2026-04-23,4,Indonesia to East Coast India,1.03,8.2,1017.8,0.0,Clear
2026-04-23,4,Australia to East Coast India,1.74,12.0,1020.4,0.0,Clear
2026-04-24,4,Indonesia to East Coast India,0.75,14.7,1021.8,0.0,Clear
2026-04-24,4,Australia to East Coast India,1.47,17.1,1016.3,0.08,Clear
2026-04-25,4,Indonesia to East Coast India,0.84,12.3,1019.2,0.0,Clear
2026-04-25,4,Australia to East Coast India,1.3,14.4,1014.4,0.05,Clear
2026-04-26,4,Indonesia to East Coast India,1.43,8.9,1014.0,0.12,Clear
2026-04-26,4,Australia to East Coast India,0.52,10.5,1014.1,0.0,Clear
2026-04-27,4,Indonesia to East Coast India,0.85,10.5,1012.6,0.14,Clear
2026-04-27,4,Australia to East Coast India,1.29,14.7,1012.8,0.03,Clear
2026-04-28,4,Indonesia to East Coast India,1.74,16.4,1020.1,0.01,Clear
2026-04-28,4,Australia to East Coast India,1.3,15.4,1019.4,0.08,Clear
2026-04-29,4,Indonesia to East Coast India,1.18,8.7,1015.7,0.05,Clear
2026-04-29,4,Australia to East Coast India,1.2,10.7,1015.7,0.12,Clear
2026-04-30,4,Indonesia to East Coast India,1.66,14.7,1019.9,0.35,Clear
2026-04-30,4,Australia to East Coast India,0.82,15.1,1016.3,0.0,Clear
2026-05-01,5,Indonesia to East Coast India,1.08,14.5,1021.4,0.0,Clear
2026-05-01,5,Australia to East Coast India,0.53,11.0,1017.0,0.0,Clear
2026-05-02,5,Indonesia to East Coast India,0.57,12.9,1021.3,0.0,Clear
2026-05-02,5,Australia to East Coast India,1.03,14.6,1014.6,0.0,Clear
2026-05-03,5,Indonesia to East Coast India,0.71,9.6,1012.7,0.0,Clear
2026-05-03,5,Australia to East Coast India,1.65,16.1,1018.9,0.03,Clear
2026-05-04,5,Indonesia to East Coast India,0.64,10.9,1015.1,0.0,Clear
2026-05-04,5,Australia to East Coast India,1.2,11.6,1015.5,0.0,Clear
2026-05-05,5,Indonesia to East Coast India,1.58,15.9,1015.1,0.0,Clear
2026-05-05,5,Australia to East Coast India,1.16,17.4,1020.8,0.0,Clear
2026-05-06,5,Indonesia to East Coast India,0.63,11.9,1017.5,0.0,Clear
2026-05-06,5,Australia to East Coast India,1.62,14.8,1020.4,0.12,Clear
2026-05-07,5,Indonesia to East Coast India,1.62,15.5,1016.4,0.01,Clear
2026-05-07,5,Australia to East Coast India,1.38,9.8,1018.9,0.11,Clear
2026-05-08,5,Indonesia to East Coast India,0.8,9.2,1013.7,0.0,Clear
2026-05-08,5,Australia to East Coast India,0.71,8.8,1012.2,0.12,Clear
2026-05-09,5,Indonesia to East Coast India,0.72,16.9,1014.4,0.0,Clear
2026-05-09,5,Australia to East Coast India,0.79,13.2,1018.1,0.0,Clear
2026-05-10,5,Indonesia to East Coast India,0.82,8.6,1015.9,0.0,Clear
2026-05-10,5,Australia to East Coast India,1.75,14.2,1017.6,0.08,Clear
2026-05-11,5,Indonesia to East Coast India,1.04,12.3,1017.4,0.12,Clear
2026-05-11,5,Australia to East Coast India,0.72,13.0,1016.1,0.05,Clear
2026-05-12,5,Indonesia to East Coast India,1.63,14.3,1017.3,0.15,Clear
2026-05-12,5,Australia to East Coast India,0.65,11.4,1013.4,0.0,Clear
2026-05-13,5,Indonesia to East Coast India,1.4,10.1,1015.9,0.07,Clear
2026-05-13,5,Australia to East Coast India,1.16,12.2,1012.2,0.05,Clear
2026-05-14,5,Indonesia to East Coast India,1.53,8.7,1016.7,0.31,Clear
2026-05-14,5,Australia to East Coast India,1.4,10.5,1012.1,0.17,Clear
2026-05-15,5,Indonesia to East Coast India,1.44,13.4,1020.4,0.12,Clear
2026-05-15,5,Australia to East Coast India,1.13,11.3,1019.9,0.06,Clear
2026-05-16,5,Indonesia to East Coast India,1.09,9.8,1020.5,0.01,Clear
2026-05-16,5,Australia to East Coast India,0.6,11.9,1020.0,0.02,Clear
2026-05-17,5,Indonesia to East Coast India,1.67,10.0,1012.7,0.11,Clear
2026-05-17,5,Australia to East Coast India,1.2,17.7,1012.7,0.13,Clear
2026-05-18,5,Indonesia to East Coast India,1.34,8.7,1015.8,0.04,Clear
2026-05-18,5,Australia to East Coast India,1.8,13.6,1015.2,0.29,Clear
2026-05-19,5,Indonesia to East Coast India,0.79,11.5,1015.7,0.0,Clear
2026-05-19,5,Australia to East Coast India,1.1,15.2,1018.6,0.0,Clear
2026-05-20,5,Indonesia to East Coast India,1.42,8.1,1014.2,0.06,Clear
2026-05-20,5,Australia to East Coast India,0.51,16.0,1019.7,0.11,Clear
2026-05-21,5,Indonesia to East Coast India,1.21,8.7,1019.7,0.18,Clear
2026-05-21,5,Australia to East Coast India,1.48,16.0,1017.2,0.14,Clear
2026-05-22,5,Indonesia to East Coast India,0.68,14.7,1018.2,0.0,Clear
2026-05-22,5,Australia to East Coast India,0.75,16.9,1019.5,0.0,Clear
2026-05-23,5,Indonesia to East Coast India,1.68,15.6,1018.0,0.21,Clear
2026-05-23,5,Australia to East Coast India,1.25,14.3,1013.6,0.08,Clear
2026-05-24,5,Indonesia to East Coast India,1.12,15.2,1014.7,0.0,Clear
2026-05-24,5,Australia to East Coast India,0.81,10.1,1016.2,0.0,Clear
2026-05-25,5,Indonesia to East Coast India,1.68,13.1,1013.9,0.16,Clear
2026-05-25,5,Australia to East Coast India,1.0,16.2,1018.6,0.0,Clear
2026-05-26,5,Indonesia to East Coast India,1.54,10.7,1018.9,0.12,Clear
2026-05-26,5,Australia to East Coast India,1.33,11.2,1014.7,0.06,Clear
2026-05-27,5,Indonesia to East Coast India,0.75,14.9,1014.2,0.0,Clear
2026-05-27,5,Australia to East Coast India,1.36,16.1,1019.8,0.13,Clear
2026-05-28,5,Indonesia to East Coast India,1.49,9.9,1012.9,0.0,Clear
2026-05-28,5,Australia to East Coast India,1.06,8.3,1014.6,0.16,Clear
2026-05-29,5,Indonesia to East Coast India,0.54,16.8,1014.4,0.0,Clear
2026-05-29,5,Australia to East Coast India,1.37,11.2,1021.0,0.08,Clear
2026-05-30,5,Indonesia to East Coast India,1.65,11.3,1021.0,0.08,Clear
2026-05-30,5,Australia to East Coast India,1.25,8.7,1012.9,0.11,Clear
2026-05-31,5,Indonesia to East Coast India,1.8,11.3,1019.5,0.2,Clear
2026-05-31,5,Australia to East Coast India,1.8,10.4,1012.4,0.19,Clear
2026-06-01,6,Indonesia to East Coast India,3.45,25.0,995.3,4.37,Monsoon_High
2026-06-01,6,Australia to East Coast India,3.8,29.2,1003.5,4.36,Monsoon_High
2026-06-02,6,Indonesia to East Coast India,3.03,22.3,1004.9,4.1,Monsoon_High
2026-06-02,6,Australia to East Coast India,2.59,41.3,1003.1,4.72,Monsoon_High
2026-06-03,6,Indonesia to East Coast India,3.8,36.4,1006.2,5.16,Monsoon_High
2026-06-03,6,Australia to East Coast India,4.78,39.4,1000.7,5.73,Monsoon_High
2026-06-04,6,Indonesia to East Coast India,4.13,31.0,998.0,4.84,Monsoon_High
2026-06-04,6,Australia to East Coast India,4.64,29.9,1001.9,4.88,Monsoon_High
2026-06-05,6,Indonesia to East Coast India,2.99,44.9,1007.8,5.16,Monsoon_High
2026-06-05,6,Australia to East Coast India,4.14,35.6,995.7,5.05,Monsoon_High
2026-06-06,6,Indonesia to East Coast India,3.55,37.5,1003.8,4.91,Monsoon_High
2026-06-06,6,Australia to East Coast India,2.88,33.5,1004.0,4.3,Monsoon_High
2026-06-07,6,Indonesia to East Coast India,4.1,36.9,998.6,5.07,Monsoon_High
2026-06-07,6,Australia to East Coast India,3.88,26.1,1004.2,4.15,Monsoon_High
2026-06-08,6,Indonesia to East Coast India,3.55,37.4,1005.9,4.89,Monsoon_High
2026-06-08,6,Australia to East Coast India,4.11,41.3,1005.4,5.47,Monsoon_High
2026-06-09,6,Indonesia to East Coast India,4.71,34.3,1001.4,4.88,Monsoon_High
2026-06-09,6,Australia to East Coast India,3.82,28.4,1007.0,4.38,Monsoon_High
2026-06-10,6,Indonesia to East Coast India,3.84,35.6,999.6,4.66,Monsoon_High
2026-06-10,6,Australia to East Coast India,3.9,42.3,1006.5,5.14,Monsoon_High
2026-06-11,6,Indonesia to East Coast India,4.02,26.9,1006.2,4.42,Monsoon_High
2026-06-11,6,Australia to East Coast India,4.2,28.6,1005.4,4.65,Monsoon_High
2026-06-12,6,Indonesia to East Coast India,4.79,22.7,1006.7,4.61,Monsoon_High
2026-06-12,6,Australia to East Coast India,3.57,41.5,995.8,5.02,Monsoon_High
2026-06-13,6,Indonesia to East Coast India,3.27,23.5,1007.7,4.05,Monsoon_High
2026-06-13,6,Australia to East Coast India,4.66,24.0,1000.0,4.62,Monsoon_High
2026-06-14,6,Indonesia to East Coast India,2.66,26.8,998.0,3.56,Monsoon_High
2026-06-14,6,Australia to East Coast India,2.73,25.9,996.9,3.84,Monsoon_High
2026-06-15,6,Indonesia to East Coast India,4.74,39.5,1007.6,5.03,Monsoon_High
2026-06-15,6,Australia to East Coast India,4.34,29.5,998.9,4.62,Monsoon_High
2026-06-16,6,Indonesia to East Coast India,3.03,25.0,998.3,4.24,Monsoon_High
2026-06-16,6,Australia to East Coast India,2.64,26.8,1005.5,3.67,Monsoon_High
2026-06-17,6,Indonesia to East Coast India,2.84,29.9,1006.2,3.75,Monsoon_High
2026-06-17,6,Australia to East Coast India,3.8,40.5,996.8,5.01,Monsoon_High
2026-06-18,6,Indonesia to East Coast India,3.84,33.6,996.9,4.43,Monsoon_High
2026-06-18,6,Australia to East Coast India,3.62,23.9,1001.0,4.3,Monsoon_High
2026-06-19,6,Indonesia to East Coast India,3.2,40.9,995.7,4.59,Monsoon_High
2026-06-19,6,Australia to East Coast India,4.17,35.2,1003.7,4.46,Monsoon_High
2026-06-20,6,Indonesia to East Coast India,4.29,41.8,999.1,5.55,Monsoon_High
2026-06-20,6,Australia to East Coast India,4.78,42.5,999.8,5.56,Monsoon_High
2026-06-21,6,Indonesia to East Coast India,2.95,33.3,1004.6,3.68,Monsoon_High
2026-06-21,6,Australia to East Coast India,4.43,30.3,1006.2,4.49,Monsoon_High
2026-06-22,6,Indonesia to East Coast India,3.44,29.5,1000.9,4.25,Monsoon_High
2026-06-22,6,Australia to East Coast India,2.95,43.9,997.3,4.94,Monsoon_High
2026-06-23,6,Indonesia to East Coast India,3.81,35.3,1001.4,4.54,Monsoon_High
2026-06-23,6,Australia to East Coast India,3.77,30.6,1003.6,4.67,Monsoon_High
2026-06-24,6,Indonesia to East Coast India,2.82,35.1,997.4,4.2,Monsoon_High
2026-06-24,6,Australia to East Coast India,2.92,41.0,998.7,4.57,Monsoon_High
2026-06-25,6,Indonesia to East Coast India,4.63,44.3,1002.4,5.5,Monsoon_High
2026-06-25,6,Australia to East Coast India,4.33,30.4,996.1,4.56,Monsoon_High
2026-06-26,6,Indonesia to East Coast India,3.78,41.4,1005.3,5.19,Monsoon_High
2026-06-26,6,Australia to East Coast India,3.01,27.0,1006.4,3.86,Monsoon_High
2026-06-27,6,Indonesia to East Coast India,3.07,28.1,995.0,4.19,Monsoon_High
2026-06-27,6,Australia to East Coast India,3.94,39.3,997.0,5.11,Monsoon_High
2026-06-28,6,Indonesia to East Coast India,3.55,30.1,996.2,4.59,Monsoon_High
2026-06-28,6,Australia to East Coast India,2.59,28.7,997.7,3.97,Monsoon_High
2026-06-29,6,Indonesia to East Coast India,3.05,42.9,1001.1,5.18,Monsoon_High
2026-06-29,6,Australia to East Coast India,2.86,33.2,1000.6,4.26,Monsoon_High
2026-06-30,6,Indonesia to East Coast India,3.87,45.0,1005.0,5.53,Monsoon_High
2026-06-30,6,Australia to East Coast India,2.89,22.7,997.7,3.72,Monsoon_High
2026-07-01,7,Indonesia to East Coast India,3.28,33.7,1003.0,4.5,Monsoon_High
2026-07-01,7,Australia to East Coast India,3.65,23.2,995.5,4.3,Monsoon_High
2026-07-02,7,Indonesia to East Coast India,3.77,32.1,1005.9,4.3,Monsoon_High
2026-07-02,7,Australia to East Coast India,2.61,38.7,996.5,4.42,Monsoon_High
2026-07-03,7,Indonesia to East Coast India,3.9,28.5,997.3,4.73,Monsoon_High
2026-07-03,7,Australia to East Coast India,3.4,39.3,996.6,4.73,Monsoon_High
2026-07-04,7,Indonesia to East Coast India,4.28,27.4,1003.8,4.73,Monsoon_High
2026-07-04,7,Australia to East Coast India,3.39,23.5,995.2,4.06,Monsoon_High
2026-07-05,7,Indonesia to East Coast India,4.4,34.1,1005.1,4.82,Monsoon_High
2026-07-05,7,Australia to East Coast India,2.57,44.1,1003.7,4.49,Monsoon_High
2026-07-06,7,Indonesia to East Coast India,4.65,28.1,1002.9,4.53,Monsoon_High
2026-07-06,7,Australia to East Coast India,4.45,43.8,1006.5,5.7,Monsoon_High
2026-07-07,7,Indonesia to East Coast India,4.2,28.4,998.7,4.8,Monsoon_High
2026-07-07,7,Australia to East Coast India,3.93,44.8,999.1,5.52,Monsoon_High
2026-07-08,7,Indonesia to East Coast India,3.28,23.8,1000.8,3.84,Monsoon_High
2026-07-08,7,Australia to East Coast India,4.42,43.5,997.4,5.19,Monsoon_High
2026-07-09,7,Indonesia to East Coast India,3.36,43.4,995.8,4.79,Monsoon_High
2026-07-09,7,Australia to East Coast India,4.73,32.3,1001.5,5.06,Monsoon_High
2026-07-10,7,Indonesia to East Coast India,3.07,32.8,1003.6,4.53,Monsoon_High
2026-07-10,7,Australia to East Coast India,3.83,42.8,1005.6,5.33,Monsoon_High
2026-07-11,7,Indonesia to East Coast India,4.24,23.3,995.1,4.49,Monsoon_High
2026-07-11,7,Australia to East Coast India,3.45,31.3,1006.5,4.22,Monsoon_High
2026-07-12,7,Indonesia to East Coast India,4.56,42.9,999.1,5.25,Monsoon_High
2026-07-12,7,Australia to East Coast India,2.94,26.2,999.4,4.17,Monsoon_High
2026-07-13,7,Indonesia to East Coast India,3.49,41.1,996.6,5.0,Monsoon_High
2026-07-13,7,Australia to East Coast India,3.16,33.3,998.9,4.77,Monsoon_High
2026-07-14,7,Indonesia to East Coast India,3.87,32.0,997.1,4.67,Monsoon_High
2026-07-14,7,Australia to East Coast India,4.58,29.9,1004.5,4.62,Monsoon_High
2026-07-15,7,Indonesia to East Coast India,4.01,43.4,1005.7,5.66,Monsoon_High
2026-07-15,7,Australia to East Coast India,4.57,31.2,999.2,5.05,Monsoon_High
2026-07-16,7,Indonesia to East Coast India,2.52,41.0,1005.4,4.6,Monsoon_High
2026-07-16,7,Australia to East Coast India,3.57,24.7,1007.7,3.98,Monsoon_High
2026-07-17,7,Indonesia to East Coast India,2.99,23.5,1002.7,3.96,Monsoon_High
2026-07-17,7,Australia to East Coast India,2.74,26.0,1002.4,4.31,Monsoon_High
2026-07-18,7,Indonesia to East Coast India,3.18,43.6,1005.6,4.94,Monsoon_High
2026-07-18,7,Australia to East Coast India,3.3,23.2,995.7,4.07,Monsoon_High
2026-07-19,7,Indonesia to East Coast India,4.09,32.5,997.9,4.48,Monsoon_High
2026-07-19,7,Australia to East Coast India,3.83,30.3,1005.7,4.68,Monsoon_High
2026-07-20,7,Indonesia to East Coast India,4.39,33.0,999.6,5.13,Monsoon_High
2026-07-20,7,Australia to East Coast India,3.25,26.8,996.1,4.04,Monsoon_High
2026-07-21,7,Indonesia to East Coast India,3.57,33.1,1005.9,4.47,Monsoon_High
2026-07-21,7,Australia to East Coast India,4.36,40.9,1000.0,5.03,Monsoon_High
2026-07-22,7,Indonesia to East Coast India,3.56,29.0,1007.1,4.44,Monsoon_High
2026-07-22,7,Australia to East Coast India,2.58,32.9,1000.3,4.57,Monsoon_High
2026-07-23,7,Indonesia to East Coast India,2.87,37.1,1007.6,4.85,Monsoon_High
2026-07-23,7,Australia to East Coast India,2.66,31.6,996.5,4.24,Monsoon_High
2026-07-24,7,Indonesia to East Coast India,3.91,43.6,1003.6,5.2,Monsoon_High
2026-07-24,7,Australia to East Coast India,3.77,31.3,1005.8,4.44,Monsoon_High
2026-07-25,7,Indonesia to East Coast India,4.37,36.1,999.9,4.96,Monsoon_High
2026-07-25,7,Australia to East Coast India,3.32,31.5,1003.8,4.34,Monsoon_High
2026-07-26,7,Indonesia to East Coast India,4.01,23.6,1000.1,4.21,Monsoon_High
2026-07-26,7,Australia to East Coast India,4.4,23.0,1000.4,4.34,Monsoon_High
2026-07-27,7,Indonesia to East Coast India,2.89,42.2,1002.2,4.77,Monsoon_High
2026-07-27,7,Australia to East Coast India,4.18,44.0,997.9,5.06,Monsoon_High
2026-07-28,7,Indonesia to East Coast India,4.54,43.5,1006.9,5.76,Monsoon_High
2026-07-28,7,Australia to East Coast India,3.43,39.3,1001.9,5.12,Monsoon_High
2026-07-29,7,Indonesia to East Coast India,4.06,31.9,1004.5,4.66,Monsoon_High
2026-07-29,7,Australia to East Coast India,4.42,34.4,1006.0,5.04,Monsoon_High
2026-07-30,7,Indonesia to East Coast India,3.49,30.7,1006.9,4.56,Monsoon_High
2026-07-30,7,Australia to East Coast India,3.61,33.8,999.0,4.54,Monsoon_High
2026-07-31,7,Indonesia to East Coast India,3.82,29.5,995.5,4.8,Monsoon_High
2026-07-31,7,Australia to East Coast India,3.3,37.4,1005.5,4.55,Monsoon_High
2026-08-01,8,Indonesia to East Coast India,4.68,31.2,1005.2,4.95,Monsoon_High
2026-08-01,8,Australia to East Coast India,4.02,37.8,996.6,4.93,Monsoon_High
2026-08-02,8,Indonesia to East Coast India,4.66,26.2,1003.1,4.53,Monsoon_High
2026-08-02,8,Australia to East Coast India,3.76,31.6,997.1,4.38,Monsoon_High
2026-08-03,8,Indonesia to East Coast India,2.89,31.6,1004.8,4.07,Monsoon_High
2026-08-03,8,Australia to East Coast India,2.54,37.2,1002.8,4.33,Monsoon_High
2026-08-04,8,Indonesia to East Coast India,2.87,27.4,995.3,3.94,Monsoon_High
2026-08-04,8,Australia to East Coast India,4.5,43.3,1000.5,5.36,Monsoon_High
2026-08-05,8,Indonesia to East Coast India,2.62,22.9,1002.5,3.62,Monsoon_High
2026-08-05,8,Australia to East Coast India,3.84,22.3,1005.2,4.13,Monsoon_High
2026-08-06,8,Indonesia to East Coast India,3.2,22.9,1002.6,4.0,Monsoon_High
2026-08-06,8,Australia to East Coast India,3.75,28.3,1004.2,4.4,Monsoon_High
2026-08-07,8,Indonesia to East Coast India,3.12,42.8,999.9,4.76,Monsoon_High
2026-08-07,8,Australia to East Coast India,3.48,41.1,1005.5,4.96,Monsoon_High
2026-08-08,8,Indonesia to East Coast India,3.02,27.2,1005.6,3.67,Monsoon_High
2026-08-08,8,Australia to East Coast India,4.5,23.9,997.7,4.38,Monsoon_High
2026-08-09,8,Indonesia to East Coast India,4.23,23.2,1001.4,3.96,Monsoon_High
2026-08-09,8,Australia to East Coast India,3.41,34.2,997.1,4.44,Monsoon_High
2026-08-10,8,Indonesia to East Coast India,3.82,40.5,1004.9,5.02,Monsoon_High
2026-08-10,8,Australia to East Coast India,3.12,30.3,1000.3,4.23,Monsoon_High
2026-08-11,8,Indonesia to East Coast India,4.06,23.3,995.5,4.6,Monsoon_High
2026-08-11,8,Australia to East Coast India,2.94,36.8,998.4,4.34,Monsoon_High
2026-08-12,8,Indonesia to East Coast India,4.54,42.6,998.9,5.35,Monsoon_High
2026-08-12,8,Australia to East Coast India,3.05,37.5,1005.7,4.31,Monsoon_High
2026-08-13,8,Indonesia to East Coast India,4.05,41.0,1000.2,5.26,Monsoon_High
2026-08-13,8,Australia to East Coast India,3.33,37.4,998.5,4.56,Monsoon_High
2026-08-14,8,Indonesia to East Coast India,2.69,44.8,997.0,4.94,Monsoon_High
2026-08-14,8,Australia to East Coast India,3.83,41.9,998.8,5.35,Monsoon_High
2026-08-15,8,Indonesia to East Coast India,3.58,36.2,1000.3,4.38,Monsoon_High
2026-08-15,8,Australia to East Coast India,3.8,41.6,997.6,4.94,Monsoon_High
2026-08-16,8,Indonesia to East Coast India,4.65,37.8,1005.7,5.55,Monsoon_High
2026-08-16,8,Australia to East Coast India,2.54,40.8,995.5,4.62,Monsoon_High
2026-08-17,8,Indonesia to East Coast India,4.55,44.8,998.8,5.69,Monsoon_High
2026-08-17,8,Australia to East Coast India,3.08,41.9,996.3,4.68,Monsoon_High
2026-08-18,8,Indonesia to East Coast India,2.79,44.5,1003.8,4.75,Monsoon_High
2026-08-18,8,Australia to East Coast India,4.06,35.7,1002.8,5.08,Monsoon_High
2026-08-19,8,Indonesia to East Coast India,4.07,35.2,1000.6,5.07,Monsoon_High
2026-08-19,8,Australia to East Coast India,3.02,37.9,998.0,4.45,Monsoon_High
2026-08-20,8,Indonesia to East Coast India,3.94,39.2,997.8,5.25,Monsoon_High
2026-08-20,8,Australia to East Coast India,2.6,38.9,999.4,4.55,Monsoon_High
2026-08-21,8,Indonesia to East Coast India,3.6,43.4,999.3,5.05,Monsoon_High
2026-08-21,8,Australia to East Coast India,2.69,27.9,995.4,3.97,Monsoon_High
2026-08-22,8,Indonesia to East Coast India,3.95,31.8,1002.1,4.56,Monsoon_High
2026-08-22,8,Australia to East Coast India,4.03,44.2,995.7,5.15,Monsoon_High
2026-08-23,8,Indonesia to East Coast India,4.55,35.3,1002.3,4.93,Monsoon_High
2026-08-23,8,Australia to East Coast India,2.71,35.8,999.4,4.37,Monsoon_High
2026-08-24,8,Indonesia to East Coast India,4.61,31.4,996.9,4.71,Monsoon_High
2026-08-24,8,Australia to East Coast India,3.71,38.1,1006.7,5.09,Monsoon_High
2026-08-25,8,Indonesia to East Coast India,4.32,37.6,1003.8,5.08,Monsoon_High
2026-08-25,8,Australia to East Coast India,2.5,28.3,997.8,3.96,Monsoon_High
2026-08-26,8,Indonesia to East Coast India,4.02,36.6,1002.7,5.17,Monsoon_High
2026-08-26,8,Australia to East Coast India,3.78,29.9,996.7,4.26,Monsoon_High
2026-08-27,8,Indonesia to East Coast India,2.72,41.1,1006.9,4.49,Monsoon_High
2026-08-27,8,Australia to East Coast India,3.42,38.8,1005.1,4.87,Monsoon_High
2026-08-28,8,Indonesia to East Coast India,2.77,22.0,1004.3,3.45,Monsoon_High
2026-08-28,8,Australia to East Coast India,2.53,34.4,1006.1,4.08,Monsoon_High
2026-08-29,8,Indonesia to East Coast India,4.7,35.0,1001.7,5.15,Monsoon_High
2026-08-29,8,Australia to East Coast India,3.37,36.0,1000.1,4.48,Monsoon_High
2026-08-30,8,Indonesia to East Coast India,3.05,24.2,999.1,3.92,Monsoon_High
2026-08-30,8,Australia to East Coast India,3.72,42.1,1007.9,5.15,Monsoon_High
2026-08-31,8,Indonesia to East Coast India,3.84,40.7,999.3,4.91,Monsoon_High
2026-08-31,8,Australia to East Coast India,4.05,37.7,999.1,4.68,Monsoon_High
2026-09-01,9,Indonesia to East Coast India,2.81,36.5,996.7,4.8,Monsoon_High
2026-09-01,9,Australia to East Coast India,4.11,39.3,1006.3,5.25,Monsoon_High
2026-09-02,9,Indonesia to East Coast India,3.65,38.8,1003.0,4.81,Monsoon_High
2026-09-02,9,Australia to East Coast India,3.92,41.5,997.6,4.8,Monsoon_High
2026-09-03,9,Indonesia to East Coast India,2.79,44.2,996.4,5.33,Monsoon_High
2026-09-03,9,Australia to East Coast India,3.75,24.0,995.7,4.07,Monsoon_High
2026-09-04,9,Indonesia to East Coast India,2.74,35.5,1002.1,4.5,Monsoon_High
2026-09-04,9,Australia to East Coast India,4.39,23.0,1001.5,4.15,Monsoon_High
2026-09-05,9,Indonesia to East Coast India,4.09,27.8,999.0,4.69,Monsoon_High
2026-09-05,9,Australia to East Coast India,4.36,35.4,1004.5,5.06,Monsoon_High
2026-09-06,9,Indonesia to East Coast India,3.34,36.7,1001.1,4.79,Monsoon_High
2026-09-06,9,Australia to East Coast India,3.78,30.2,1006.8,4.34,Monsoon_High
2026-09-07,9,Indonesia to East Coast India,2.55,29.3,995.7,4.14,Monsoon_High
2026-09-07,9,Australia to East Coast India,3.26,37.5,1000.1,4.88,Monsoon_High
2026-09-08,9,Indonesia to East Coast India,4.24,32.4,1000.4,4.86,Monsoon_High
2026-09-08,9,Australia to East Coast India,4.73,30.7,995.8,4.73,Monsoon_High
2026-09-09,9,Indonesia to East Coast India,3.28,33.6,997.1,4.08,Monsoon_High
2026-09-09,9,Australia to East Coast India,3.42,24.6,1006.5,3.96,Monsoon_High
2026-09-10,9,Indonesia to East Coast India,3.45,30.9,1003.6,4.83,Monsoon_High
2026-09-10,9,Australia to East Coast India,2.64,40.7,1007.2,4.44,Monsoon_High
